LectureDate,Description,Topic,MaterialsLink
23.03.2019,Vanellus chilensis,Euphorbia floridana Chapm.,google.es
26.07.2019,Callorhinus ursinus,Monarda fistulosa L. ssp. fistulosa var. mollis (L.) Benth.,reddit.com
10.12.2018,Cercatetus concinnus,Stillingia spinulosa Torr.,weebly.com
02.11.2019,Gazella granti,Banisteriopsis lucida (Rich.) Small,loc.gov
13.04.2019,Corvus brachyrhynchos,Lesquerella ovalifolia Rydb. ex Britton ssp. ovalifolia,joomla.org
05.01.2019,Porphyrio porphyrio,Solenostemon rotundifolius (Poir.) J.K. Morton,artisteer.com
23.12.2018,Mazama gouazoubira,Quercus boyntonii Beadle,cornell.edu
11.07.2019,Canis aureus,Calyptranthes Sw.,hibu.com
22.04.2019,Meleagris gallopavo,Matelea floridana (Vail) Woodson,timesonline.co.uk
08.12.2018,Felis concolor,Datura kymatocarpa Barclay,cisco.com
30.07.2019,Acrobates pygmaeus,Hunzikeria texana (Torr.) D'Arcy,addthis.com
20.01.2019,Phoeniconaias minor,Ruellia strepens L.,google.nl
01.06.2019,Anser caerulescens,Sesbania vesicaria (Jacq.) Elliott,phpbb.com
07.04.2019,Macropus eugenii,Viburnum L.,uol.com.br
19.11.2018,Vulpes chama,Palustriella decipiens (De Not.) Ochyra,purevolume.com
09.12.2018,Hystrix cristata,Fuscidea praeruptorum (Du Rietz & H. Magn.) V. Wirth & Vezda,europa.eu
19.07.2019,Zosterops pallidus,Hieracium aurantiacum L.,wp.com
14.06.2019,Ctenophorus ornatus,Papaver nudicaule L.,hugedomains.com
22.03.2019,Paradoxurus hermaphroditus,Lecanora dispersa (Pers.) Sommerf.,google.ru
19.02.2019,Phascolarctos cinereus,Symphoricarpos albus (L.) S.F. Blake var. albus,google.ru
22.01.2019,Phylurus milli,Atriplex lindleyi Moq.,biglobe.ne.jp
13.10.2019,Geochelone elephantopus,Tephrosia vogelii Hook. f.,zdnet.com
01.04.2019,Corvus albicollis,Leymus ×uclueletensis (Bowden) Baum,google.com.au
18.02.2019,Ursus maritimus,Symphyotrichum praealtum (Poir.) G.L. Nesom var. angustior (Wiegand) G.L. Nesom,domainmarket.com
21.05.2019,Libellula quadrimaculata,Plagiobothrys collinus (Phil.) I.M. Johnst. var. gracilis (I.M. Johnst.) L.C. Higgins,businesswire.com
25.07.2019,Estrilda erythronotos,Aconitum fischeri Rchb.,patch.com
21.01.2019,Naja haje,Lecanora sophodopsella Nyl.,ow.ly
16.08.2019,Loxodonta africana,Phacelia ivesiana Torr. var. ivesiana,csmonitor.com
28.11.2018,Sylvicapra grimma,Lupinus lyallii A. Gray ssp. washoensis (A. Heller) Cox,clickbank.net
26.02.2019,Tamiasciurus hudsonicus,Galium serpenticum Dempster ssp. serpenticum,amazon.co.jp
23.12.2018,Buteo regalis,Digitaria serotina (Walter) Michx.,harvard.edu
31.12.2018,Anthropoides paradisea,Castalis tragus (Aiton) Norl.,linkedin.com
28.03.2019,Ovis musimon,Stellaria holostea L.,cocolog-nifty.com
09.01.2019,Butorides striatus,Pyrrocoma crocea (A. Gray) Greene,g.co
23.11.2018,Phascolarctos cinereus,Pyracantha angustifolia (Franch.) C.K. Schneid.,macromedia.com
10.01.2019,Anastomus oscitans,Thalictrum dasycarpum Fisch. & Avé-Lall.,umich.edu
09.08.2019,unavailable,Lecanora groenlandica Lynge,jigsy.com
04.08.2019,Plegadis ridgwayi,Galium multiflorum Kellogg,sina.com.cn
01.05.2019,Actophilornis africanus,Dichelostemma volubile (Kellogg) A. Heller,shop-pro.jp
09.03.2019,Columba palumbus,Echium L.,theglobeandmail.com
08.05.2019,Bugeranus caruncalatus,Euphorbia crenulata Engelm.,weibo.com
25.02.2019,Corvus brachyrhynchos,Hibiscadelphus woodii D.H. Lorence & W.L. Wagner,dailymotion.com
27.10.2019,Lamprotornis nitens,Acacia constricta Benth.,nps.gov
13.06.2019,Chelodina longicollis,Eryngium phyteumae Delar. f.,netvibes.com
07.01.2019,Macropus eugenii,Utricularia geminiscapa Benj.,about.com
04.12.2018,Arctogalidia trivirgata,Castilleja hyperborea Pennell,webs.com
18.05.2019,Fratercula corniculata,Dodecatheon pulchellum (Raf.) Merr. ssp. cusickii (Greene) Calder & Roy L. Taylor,craigslist.org
14.10.2019,Zenaida galapagoensis,Sisyrinchium chilense Hook.,elpais.com
08.06.2019,Gerbillus sp.,Solanum polygamum Vahl,ox.ac.uk
05.02.2019,Felis rufus,Pittosporum ×monae Rock ex H. St. John (pro sp.),skyrock.com
03.05.2019,Acrobates pygmaeus,Agalinis skinneriana (Alph. Wood) Britton,cbslocal.com
29.05.2019,Ammospermophilus nelsoni,Tulbaghia L.,home.pl
22.04.2019,Canis lupus lycaon,Ranunculus L.,elpais.com
01.11.2019,Orcinus orca,Mirabilis longiflora L.,vkontakte.ru
02.08.2019,Paradoxurus hermaphroditus,Halenia Borkh.,arstechnica.com
07.06.2019,Equus burchelli,Polygonum bistorta L. var. bistorta,sohu.com
13.05.2019,Bettongia penicillata,Castilleja nervata Eastw.,desdev.cn
26.07.2019,Ctenophorus ornatus,Cercis canadensis L. var. canadensis,dell.com
08.08.2019,Sarkidornis melanotos,Cymophora B.L. Rob.,thetimes.co.uk
22.02.2019,Macaca fuscata,Trifolium piorkowskii Rand. Morgan & A.L. Barber,hugedomains.com
11.01.2019,Sula nebouxii,Lessingia lemmonii A. Gray var. ramulosissima (A. Nelson) Ferris,msu.edu
30.12.2018,Acanthaster planci,Usnea scholanderi Llano,hp.com
09.03.2019,Tauraco porphyrelophus,Cryptantha subcapitata Dorn & Lichvar,comsenz.com
07.05.2019,Cervus canadensis,Atriplex californica Moq.,g.co
07.07.2019,Lycaon pictus,Silene ovata Pursh,is.gd
22.07.2019,Corvus brachyrhynchos,Angelica wheeleri S. Watson,seattletimes.com
27.02.2019,Irania gutteralis,Potentilla matsuokana Makino ssp. hemicryophila (Jurtzev) Soják,yolasite.com
13.11.2018,Vulpes cinereoargenteus,Rosa acicularis Lindl. ssp. acicularis,tmall.com
14.04.2019,Cacatua galerita,Waldsteinia fragarioides (Michx.) Tratt. ssp. doniana (Tratt.) Teppner,wsj.com
20.10.2019,Panthera pardus,Astragalus robbinsii (Oakes) A. Gray var. jesupii Eggl. & Sheldon,hp.com
02.11.2019,Actophilornis africanus,Casearia decandra Jacq.,so-net.ne.jp
09.01.2019,Ciconia ciconia,Juncus castaneus Sm. ssp. castaneus var. castaneus,networksolutions.com
21.11.2018,Merops bullockoides,Aira caryophyllea L. var. cupaniana (Guss.) Fiori,epa.gov
20.12.2018,Canis lupus baileyi,Salvia verbenaca L.,ucla.edu
23.04.2019,Isoodon obesulus,Antennaria rosea Greene ssp. arida (E.E. Nelson) Bayer,admin.ch
19.09.2019,Rhea americana,Calocedrus Kurz,angelfire.com
21.06.2019,Pelecans onocratalus,Podophyllum peltatum L.,yellowpages.com
05.05.2019,Tadorna tadorna,Sphagnum flexuosum Dozy & Molk. var. ramosissimum R.E. Andrus,fc2.com
16.05.2019,Macropus rufogriseus,Polystichum munitum (Kaulf.) C. Presl,pinterest.com
09.01.2019,Chelodina longicollis,Pectocarya heterocarpa (I.M. Johnst.) I.M. Johnst.,angelfire.com
25.11.2018,Ceryle rudis,Rhododendron canescens (Michx.) Sweet,angelfire.com
07.09.2019,Phasianus colchicus,Carex squarrosa L.,cisco.com
30.04.2019,Macropus agilis,Chlorophytum Ker Gawl.,icq.com
13.07.2019,Falco mexicanus,Musa troglodytarum L.,yellowpages.com
31.10.2019,Cygnus buccinator,Buellia aethalia (Ach.) Th. Fr.,about.me
29.03.2019,Halcyon smyrnesis,Leptodictyum humile (P. Beauv.) Ochyra,blogtalkradio.com
02.07.2019,Coendou prehensilis,Malus ×arnoldiana (Rehder) Sarg. ex Rehder,arizona.edu
26.04.2019,Anthropoides paradisea,Lycium chinense Mill.,livejournal.com
25.12.2018,Climacteris melanura,Solanum rugosum Dunal,wikipedia.org
20.03.2019,Laniarius ferrugineus,Schismus barbatus (Loefl. ex L.) Thell.,naver.com
19.09.2019,unavailable,Toxicodendron radicans (L.) Kuntze ssp. eximium (Greene) Gillis,usatoday.com
11.06.2019,Bubalornis niger,Astragalus trichopodus (Nutt.) A. Gray var. trichopodus,cbslocal.com
09.05.2019,Phascogale calura,Archontophoenix alexandrae (F. Muell.) H. Wendl. & Drude,nps.gov
21.07.2019,Marmota flaviventris,Galium hypotrichium A. Gray,sakura.ne.jp
03.09.2019,Anthropoides paradisea,Acarospora schleicheri (Ach.) A. Massal.,amazonaws.com
07.01.2019,Ovibos moschatus,Prosthechea cochleata (L.) W.E. Higgins var. cochleata,networksolutions.com
08.01.2019,Dasyurus viverrinus,Keckiella antirrhinoides (Benth.) Straw ssp. microphylla (A. Gray) Straw,godaddy.com
12.08.2019,Nannopterum harrisi,Portulaca L.,amazon.co.jp
15.07.2019,Paroaria gularis,Lyonia ligustrina (L.) DC. var. foliosiflora (Michx.) Fernald,webmd.com
27.03.2019,Callipepla gambelii,Verbesina virginica L.,cisco.com
15.11.2018,Damaliscus lunatus,Cinchona calisaya Wedd.,mac.com
11.06.2019,Varanus sp.,Arceuthobium pusillum Peck,altervista.org
31.08.2019,Sagittarius serpentarius,Carex grayi Carey,mit.edu
28.01.2019,Irania gutteralis,Muhlenbergia thurberi Rydb.,businesswire.com
25.07.2019,Tragelaphus strepsiceros,Nama L.,google.co.jp
10.04.2019,Alcelaphus buselaphus caama,Schoenoplectus tabernaemontani (C.C. Gmel.) Palla,ovh.net
22.02.2019,Stenella coeruleoalba,Ranunculus marginatus d'Urv.,163.com
07.04.2019,Varanus salvator,Leersia Sw.,ox.ac.uk
25.02.2019,Crocuta crocuta,Potamogeton ×hagstroemii Benn. (pro sp.),shutterfly.com
20.04.2019,Gorilla gorilla,Odontonema nitidum (Jacq.) Kuntze,jimdo.com
19.02.2019,Bugeranus caruncalatus,Polygala chapmanii Torr. & A. Gray,furl.net
14.05.2019,Tetracerus quadricornis,Verrucaria subglaucina de Lesd.,shinystat.com
10.02.2019,Geochelone elegans,Echinocereus engelmannii (Parry ex Engelm.) Lem. var. munzii (Parish) Pierce & Fosberg,icq.com
09.05.2019,Orcinus orca,"Heuchera caroliniana (Rosend., Butters & Lakela) E.F. Wells",latimes.com
06.05.2019,Dasypus novemcinctus,Solorina bispora Nyl.,godaddy.com
12.09.2019,Macropus agilis,Astragalus leptocarpus Torr. & A. Gray,cbc.ca
30.06.2019,Haematopus ater,Antennaria pulcherrima (Hook.) Greene ssp. eucosma (Fernald & Wiegand) R.J. Bayer,sphinn.com
06.08.2019,Stenella coeruleoalba,Cayratia japonica (Thunb.) Gagnep.,cisco.com
03.06.2019,Naja nivea,Delphinium parishii A. Gray,flavors.me
06.01.2019,Ephippiorhynchus mycteria,Erigeron bellidiastrum Nutt. var. arenarius (Greene) G.L. Nesom,washington.edu
02.03.2019,Corvus brachyrhynchos,Phaeosporobolus D. Hawksw. & Hafellner,auda.org.au
28.10.2019,Merops nubicus,Chamaesyce acuta Millsp.,samsung.com
10.02.2019,Charadrius tricollaris,Cladonia furcata (Huds.) Schrad.,is.gd
26.03.2019,Tayassu pecari,Astragalus mollissimus Torr. var. mollissimus,hubpages.com
05.05.2019,Phylurus milli,Clermontia peleana Rock ssp. singuliflora (Rock) Lammers,cisco.com
07.04.2019,Nycticorax nycticorax,Astragalus concordius S.L. Welsh,blog.com
15.06.2019,Macropus fuliginosus,Hydrophyllum virginianum L.,technorati.com
26.06.2019,Coluber constrictor,Rhynchospora rugosa (Vahl) Gale,chron.com
23.05.2019,Phascogale calura,Leptogium laceroides (de Lesd.) P.M. Jørg.,cam.ac.uk
17.05.2019,Limosa haemastica,Robinia hispida L. var. hispida,jimdo.com
20.05.2019,Felis chaus,Lilium columbianum Leichtlin,ocn.ne.jp
13.01.2019,Laniaurius atrococcineus,Heliotropium confertifolium (Torr.) Torr. ex A. Gray,nba.com
19.12.2018,Capreolus capreolus,Verbena xutha Lehm.,g.co
06.08.2019,Larus dominicanus,Limnanthes floccosa Howell ssp. bellingeriana (M. Peck) Arroyo,e-recht24.de
18.05.2019,Bucorvus leadbeateri,Woodsia plummerae Lemmon,bandcamp.com
11.06.2019,Panthera leo,Echinomastus gautii (L.D. Benson) Mosco & Zanovello,wikia.com
07.10.2019,Ara macao,Lonicera hispidula (Lindl.) Douglas ex Torr. & A. Gray var. hispidula,vinaora.com
15.05.2019,Meleagris gallopavo,Adiantum trapeziforme L.,slashdot.org
22.04.2019,Oncorhynchus nerka,Stevia ovata Willd. var. texana Grashoff,tuttocitta.it
25.12.2018,Didelphis virginiana,Petrorhagia nanteuilii (Burnat) P.W. Ball & Heywood,fda.gov
25.07.2019,Lepus arcticus,Odontonema nitidum (Jacq.) Kuntze,google.nl
23.05.2019,Papio cynocephalus,Echinochloa polystachya (Kunth) Hitchc.,dmoz.org
23.08.2019,Hippotragus equinus,Cakile edentula (Bigelow) Hook.,domainmarket.com
29.07.2019,Vanessa indica,Symphyotrichum spathulatum (Lindl.) G.L. Nesom var. yosemitanum (A. Gray) G.L. Nesom,yellowpages.com
05.05.2019,Aegypius occipitalis,Mortonia scabrella A. Gray,shop-pro.jp
09.11.2018,Choloepus hoffmani,Lysimachia filifolia Forbes,mediafire.com
19.11.2018,Junonia genoveua,Eriogonum rotundifolium Benth.,constantcontact.com
16.09.2019,Canis mesomelas,Artemisia pattersonii A. Gray,fotki.com
07.04.2019,Arctogalidia trivirgata,Clarkia amoena (Lehm.) A. Nelson & J.F. Macbr. ssp. amoena,pcworld.com
03.06.2019,unavailable,Adenophyllum Pers.,last.fm
30.09.2019,Macropus eugenii,Iris ×sancti-cyrii Rouss.,networkadvertising.org
01.01.2019,Capra ibex,Yucca angustissima Engelm. ex Trel. var. kanabensis (McKelvey) Reveal,friendfeed.com
26.09.2019,Tachybaptus ruficollis,Lathyrus sulphureus W.H. Brewer ex A. Gray var. sulphureus,ed.gov
08.08.2019,Isoodon obesulus,Centromadia parryi (Greene) Greene ssp. congdonii (B.L. Rob. & Greenm.) B.G. Baldw.,bbc.co.uk
06.09.2019,Cacatua tenuirostris,Prunus pumila L. var. pumila,toplist.cz
15.03.2019,Aonyx capensis,Monardella linoides A. Gray,chron.com
15.08.2019,Cercopithecus aethiops,Scutellaria antirrhinoides Benth.,phoca.cz
18.05.2019,Zosterops pallidus,Polypodium amorphum Suksd.,feedburner.com
08.05.2019,unavailable,Dicranum elongatum Schleich. ex Schwägr.,bloomberg.com
13.05.2019,Anathana ellioti,Carex concinnoides Mack.,japanpost.jp
24.09.2019,Libellula quadrimaculata,Oenothera curtissii (Rose) Small,bloglines.com
05.12.2018,Junonia genoveua,Sedum oreganum Nutt.,nbcnews.com
12.01.2019,Vanellus armatus,Hydrangea arborescens L.,alibaba.com
12.10.2019,Uraeginthus granatina,Claytonia heterophylla (Torr. & A. Gray) Swanson,tumblr.com
24.01.2019,Antechinus flavipes,Nissolia Jacq.,craigslist.org
10.03.2019,unavailable,Amblyopyrum Eig,google.de
13.08.2019,Chlamydosaurus kingii,Xanthosoma violaceum Schott,cnn.com
23.11.2018,Corythornis cristata,Salix ×pedunculata Fernald (pro sp.),patch.com
09.09.2019,Columba palumbus,Arctostaphylos wellsii Knight,amazon.de
29.04.2019,Larus dominicanus,Gnetum gnemon L.,prweb.com
23.08.2019,Lorythaixoides concolor,Quercus ×caduca Trel.,github.com
04.02.2019,Anastomus oscitans,Adenophorus oahuensis (Copeland) Bishop,reverbnation.com
24.04.2019,Nasua narica,Thymelaea Mill.,vkontakte.ru
09.10.2019,Macropus agilis,Lupinus argenteus Pursh ssp. rubricaulis (Greene) Hess & D. Dunn,bloglines.com
19.04.2019,Speothos vanaticus,Calycocarpum lyonii (Pursh) A. Gray,oracle.com
02.01.2019,Madoqua kirkii,Thelypteris palustris Schott,histats.com
18.07.2019,Ramphastos tucanus,Heliotropium arborescens L.,hibu.com
03.09.2019,unavailable,Echinacea atrorubens Nutt.,blogs.com
29.01.2019,Haematopus ater,Hyparrhenia rufa (Nees) Stapf,biglobe.ne.jp
07.10.2019,Epicrates cenchria maurus,Bidens valida Sherff,meetup.com
09.08.2019,Myiarchus tuberculifer,Luzula groenlandica Böcher,friendfeed.com
22.08.2019,Ardea golieth,Philadelphus inodorus L.,networkadvertising.org
26.02.2019,Crotaphytus collaris,Ophioglossum californicum Prantl,blinklist.com
28.05.2019,Paradoxurus hermaphroditus,Entolasia Stapf,cornell.edu
06.03.2019,Plocepasser mahali,Stenogyne microphylla Benth.,blogtalkradio.com
08.07.2019,Anser caerulescens,Symplocos micrantha Krug & Urb.,histats.com
12.09.2019,Cyrtodactylus louisiadensis,Chenopodium leptophyllum (Moq.) Nutt. ex S. Watson,addthis.com
28.01.2019,Hippopotamus amphibius,Marshallia graminifolia (Walter) Small var. cynanthera (Elliott) Beadle & F.E. Boynt.,clickbank.net
19.10.2019,Axis axis,Echinochloa oryzoides (Ard.) Fritsch,sciencedaily.com
19.08.2019,Ceratotherium simum,Styphelia Sm.,godaddy.com
25.09.2019,Meleagris gallopavo,Aspicilia mashiginensis (Zahlbr.) Oksner,yolasite.com
04.01.2019,Rangifer tarandus,Cyperus ovatus Baldw.,youku.com
18.07.2019,Eumetopias jubatus,Populus ×heimburgeri B. Boivin,sciencedirect.com
12.10.2019,Sylvicapra grimma,Thinopyrum ponticum (Podp.) Z.-W. Liu & R.-C. Wang,51.la
12.11.2018,Cebus nigrivittatus,Castilleja lasiorhyncha (A. Gray) T.I. Chuang & Heckard,economist.com
02.01.2019,Oxybelis sp.,Rhododendron atlanticum (Ashe) Rehder,altervista.org
17.10.2019,Ciconia ciconia,Cordylanthus rigidus (Benth.) Jeps. ssp. brevibracteatus (A. Gray) Munz,timesonline.co.uk
05.11.2018,Alcelaphus buselaphus cokii,Frasera gypsicola (Barneby) D.M. Post,discuz.net
27.05.2019,Nasua nasua,Papaver radicatum Rottb.,wordpress.org
29.04.2019,Francolinus leucoscepus,Phacelia divaricata (Benth.) A. Gray,hao123.com
06.03.2019,Spermophilus lateralis,Thelotrema subtile Tuck.,slashdot.org
17.02.2019,Tachyglossus aculeatus,Costus woodsonii Maas,geocities.jp
29.11.2018,Balearica pavonina,Aletris bracteata Northrop,dagondesign.com
19.03.2019,Bettongia penicillata,Penstemon attenuatus Douglas ex Lindl. var. militaris (Greene) Cronquist,simplemachines.org
08.07.2019,Bettongia penicillata,Chrysothrix candelaris (L.) J.R. Laundon,nba.com
12.03.2019,Coluber constrictor foxii,Styphnolobium Schott,themeforest.net
04.07.2019,Gyps bengalensis,Spiranthes romanzoffiana Cham.,unc.edu
11.03.2019,Ursus maritimus,Eriogonum spergulinum A. Gray var. pratense (S. Stokes) J.T. Howell,hatena.ne.jp
23.08.2019,Amblyrhynchus cristatus,Rollinia mucosa (Jacq.) Baill.,go.com
07.06.2019,Lorythaixoides concolor,Heliotropium molle (Torr.) I.M. Johnst.,opera.com
04.03.2019,Dendrocitta vagabunda,Palafoxia texana DC. var. texana,icq.com
28.07.2019,Galago crassicaudataus,Modiola Moench,furl.net
04.04.2019,Lasiorhinus latifrons,Campanula persicifolia L.,jugem.jp
05.07.2019,Procyon cancrivorus,Clarkia jolonensis Parnell,domainmarket.com
05.12.2018,Trichechus inunguis,Salix orestera C.K. Schneid.,soup.io
06.04.2019,Sarcophilus harrisii,Schizachyrium condensatum (Kunth) Nees,ox.ac.uk
17.10.2019,Ephippiorhynchus mycteria,Hordeum marinum Huds. ssp. marinum,illinois.edu
11.11.2018,Funambulus pennati,Meximalva Fryxell,reddit.com
05.01.2019,Merops nubicus,Xanthoria elegans (Link) Th. Fr.,sun.com
22.08.2019,Callipepla gambelii,Peltigera malacea (Ach.) Funck,fotki.com
29.08.2019,Cereopsis novaehollandiae,Polypodium attenuatum Humb. & Bonpl. ex Willd.,myspace.com
27.12.2018,Eutamias minimus,Rudbeckia triloba L. var. triloba,icio.us
04.07.2019,Marmota caligata,Staurothele diffractella (Nyl.) Tuck.,cmu.edu
08.01.2019,Tyto novaehollandiae,Tradescantia zebrina hort. ex Bosse,liveinternet.ru
08.08.2019,Trachyphonus vaillantii,Charpentiera densiflora Sohmer,domainmarket.com
15.05.2019,Sagittarius serpentarius,Cuscuta brachycalyx (Yunck.) Yunck.,shareasale.com
19.01.2019,Butorides striatus,Cyperus congestus Vahl,unblog.fr
07.10.2019,Pycnonotus barbatus,Lathyrus japonicus Willd. var. pellitus Fernald,census.gov
23.02.2019,Paradoxurus hermaphroditus,Rubus macrophyllus Weihe & Nees,ft.com
17.03.2019,Heloderma horridum,Polystichum acrostichoides (Michx.) Schott,army.mil
21.02.2019,Anser anser,Wullschlaegelia aphylla (Sw.) Rchb. f.,mapy.cz
11.01.2019,Haematopus ater,Pappophorum Schreb.,freewebs.com
23.08.2019,Aegypius occipitalis,Carex whitneyi Olney,yahoo.co.jp
17.03.2019,Cathartes aura,Triadenum walteri (J.G. Gmel.) Gleason,ucla.edu
07.05.2019,Macropus agilis,Streptosolen jamesonii (Benth.) Miers,examiner.com
02.03.2019,Fregata magnificans,Schizachyrium sanguineum (Retz.) Alston var. hirtiflorum (Nees) Hatch,blogger.com
02.11.2019,Seiurus aurocapillus,Justicia carthagenensis Jacq.,cloudflare.com
17.03.2019,Dendrohyrax brucel,Garcia nutans Vahl [excluded],godaddy.com
17.04.2019,Macropus parryi,Ipomoea plummerae A. Gray,uiuc.edu
21.11.2018,Myiarchus tuberculifer,Asplenium rhomboidale Desv.,sogou.com
01.12.2018,Canis mesomelas,Acer campestre L.,bloomberg.com
20.12.2018,Acanthaster planci,Artemisia nesiotica P.H. Raven,usda.gov
08.12.2018,Cebus nigrivittatus,Chaetadelpha A. Gray ex S. Watson,icq.com
03.04.2019,Lemur fulvus,Viola ×mistura House (pro sp.),gov.uk
07.05.2019,Varanus sp.,Penstemon purpusii Brandegee,mozilla.com
26.03.2019,Branta canadensis,Alternanthera sessilis (L.) R. Br. ex DC.,goo.ne.jp
09.05.2019,Pytilia melba,Phaeographis sericea (Eschw.) Müll. Arg.,boston.com
30.05.2019,Anser anser,Glyceria R. Br.,npr.org
07.06.2019,Kobus defassa,Comandra Nutt.,dagondesign.com
27.02.2019,Felis concolor,Anchusa arvensis (L.) M. Bieb.,accuweather.com
02.10.2019,Anthropoides paradisea,Erythronium L.,newyorker.com
18.01.2019,Fulica cristata,Rumex pseudonatronatus Borbás,forbes.com
10.07.2019,Uraeginthus bengalus,Spigelia gentianoides Chapm. ex A. DC. var. gentianoides,washingtonpost.com
04.01.2019,Madoqua kirkii,Echinocereus reichenbachii (Terscheck ex Walp.) hort ex Haage ssp. perbellus (Britton & Rose) N.P. Taylor,sciencedaily.com
09.12.2018,Microcebus murinus,Scutellaria elliptica Muhl. ex Spreng. var. hirsuta (Short & Peter) Fernald,wordpress.org
30.05.2019,Felis silvestris lybica,Buddleja globosa Hope,fema.gov
24.05.2019,Alces alces,Calystegia sepium (L.) R. Br. ssp. erratica Brummitt,1688.com
06.01.2019,Varanus komodensis,Lupinus palmeri S. Watson,ask.com
13.06.2019,Eudromia elegans,Petitia Jacq.,exblog.jp
12.08.2019,Lutra canadensis,Eubrachion Hook. f.,whitehouse.gov
17.05.2019,Paradoxurus hermaphroditus,Heuchera grossulariifolia Rydb. var. tenuifolia (Wheelock) C.L. Hitchc.,gmpg.org
27.08.2019,Vulpes chama,Carex helleri Mack.,miibeian.gov.cn
30.12.2018,Vanellus armatus,Boykinia intermedia (Piper) G.N. Jones,craigslist.org
31.07.2019,Varanus salvator,Penstemon superbus A. Nelson,howstuffworks.com
12.08.2019,Pseudocheirus peregrinus,Sphagnum oregonense R.E. Andrus,imageshack.us
17.12.2018,Mungos mungo,Atriplex spongiosa F. Muell.,opera.com
12.03.2019,Manouria emys,Clematis crispa L.,jigsy.com
29.03.2019,Proteles cristatus,Arabis dispar M.E. Jones,ustream.tv
30.03.2019,Lepilemur rufescens,Urera Gaudich.,deliciousdays.com
22.07.2019,unavailable,Zanthoxylum dipetalum H. Mann,is.gd
01.02.2019,Eubalaena australis,Calluna Salisb.,ifeng.com
07.04.2019,Heloderma horridum,Cyathea borinquena (Maxon) Domin,craigslist.org
30.11.2018,unavailable,Diellia mannii (D.C. Eaton) W.J. Rob.,plala.or.jp
28.07.2019,Spermophilus lateralis,Gilia austrooccidentalis (A.D. Grant & V.E. Grant) A.D. Grant & V.E. Grant,cisco.com
21.05.2019,Snycerus caffer,Ampelaster G.L. Nesom,51.la
20.08.2019,Macaca fuscata,Diploschistes bisporus (Bagl.) J. Steiner,prlog.org
02.12.2018,Certotrichas paena,Ratibida columnifera (Nutt.) Wooton & Standl.,naver.com
31.10.2019,Ursus arctos,Helianthemum glomeratum (Lag.) Lag. ex Dunal,mapy.cz
25.12.2018,Recurvirostra avosetta,Lichinella americana Henssen,nasa.gov
09.09.2019,unavailable,Eucalyptus risdonii Hook. f.,usda.gov
19.12.2018,Orcinus orca,Citrullus lanatus (Thunb.) Matsum. & Nakai var. lanatus,jalbum.net
31.01.2019,Anhinga rufa,Carex ×knieskernii Dewey (pro sp.),domainmarket.com
31.07.2019,Pelecans onocratalus,Aristida L.,slideshare.net
07.09.2019,Sula dactylatra,Baltimora recta L.,blinklist.com
16.08.2019,Equus hemionus,Antennaria argentea Benth.,blogger.com
12.07.2019,Anastomus oscitans,Dioscorea cayenensis Lam.,ebay.com
22.10.2019,Sarcorhamphus papa,Panax trifolius L.,jiathis.com
22.01.2019,Canis aureus,Hibiscus coccineus Walter,shinystat.com
13.03.2019,Canis lupus lycaon,Lycopodium annotinum L.,google.es
16.09.2019,Diceros bicornis,Clermontia grandiflora Gaudich. ssp. grandiflora,deliciousdays.com
13.11.2018,Bradypus tridactylus,Carex triangularis Boeckeler,washington.edu
08.12.2018,Phalacrocorax niger,Distictis lactiflora (Vahl) DC.,imageshack.us
26.04.2019,unavailable,Leavenworthia stylosa A. Gray,youtu.be
16.04.2019,Dendrocitta vagabunda,"Didymodon asperifolius (Mitt.) H.A. Crum, Steere & L.E. Anderson",pbs.org
16.11.2018,Lorythaixoides concolor,Ceanothus sorediatus Hook. & Arn.,ihg.com
11.09.2019,Gyps bengalensis,Corispermum ochotense Ignatov var. alaskanum Mosyakin,about.com
30.11.2018,Dacelo novaeguineae,Aspicilia annulata (Lynge) J.W. Thomson,edublogs.org
07.01.2019,Oxybelis fulgidus,Lomatium dissectum (Nutt.) Mathias & Constance var. multifidum (Nutt.) Mathias & Constance,istockphoto.com
05.11.2018,Pterocles gutturalis,Barleria prionitis L.,digg.com
09.11.2018,Naja nivea,Potentilla canadensis L.,google.com.br
13.05.2019,Bubalornis niger,Peniocereus greggii (Engelm.) Britton & Rose var. greggii,adobe.com
18.02.2019,Geochelone elephantopus,Eugenia brasiliensis Lam.,purevolume.com
14.02.2019,Ara macao,Hedosyne Strother,statcounter.com
01.03.2019,Gopherus agassizii,Bryum algovicum Sendtn. ex Müll. Hal.,cafepress.com
06.12.2018,Madoqua kirkii,Pogonatum pensilvanicum (Hedw.) P. Beauv.,mozilla.com
11.02.2019,Dusicyon thous,Calopogonium caeruleum (Benth.) Suav.,go.com
08.11.2018,Francolinus coqui,Scrophularia canina L. ssp. canina,zdnet.com
03.11.2019,Sciurus niger,Senecio multidentatus Sch. Bip. ex Hemsl.,si.edu
02.12.2018,Falco peregrinus,Sambucus racemosa L. var. racemosa,stanford.edu
24.09.2019,Acinynox jubatus,Operculina turpethum (L.) Silva Manso,hhs.gov
02.05.2019,Trachyphonus vaillantii,Delphinium geraniifolium Rydb.,biglobe.ne.jp
24.06.2019,Zonotrichia capensis,Vulpia ciliata Dumort.,moonfruit.com
01.02.2019,Felis concolor,Monarda punctata L. ssp. punctata var. correllii B.L. Turner,ucoz.com
17.08.2019,Threskionis aethiopicus,Acacia rigens A. Cunn. ex G. Don,hubpages.com
22.10.2019,Gyps bengalensis,Asterothyrium Müll. Arg.,gmpg.org
13.04.2019,Marmota monax,Phaeospora rimosicola (Leight. ex Mudd) Hepp ex Stein,g.co
01.07.2019,Junonia genoveua,Penstemon euglaucus English,a8.net
12.02.2019,Recurvirostra avosetta,Araucaria columnaris (G. Forst.) Hook.,zdnet.com
06.08.2019,Sagittarius serpentarius,Belamcanda Adans.,wisc.edu
16.12.2018,Phalacrocorax niger,Corispermum welshii Mosyakin,blog.com
15.12.2018,Macropus giganteus,Brodiaea terrestris Kellogg ssp. terrestris,usgs.gov
22.09.2019,Choloepus hoffmani,Stahlia Bello,mozilla.org
05.09.2019,Nucifraga columbiana,Gaura boquillensis P.H. Raven & Gregory,guardian.co.uk
27.08.2019,Alouatta seniculus,Triphora amazonica Schltr.,odnoklassniki.ru
21.09.2019,Colobus guerza,Amsonia ciliata Walter var. texana (A. Gray) J.M. Coult.,github.com
26.05.2019,Varanus sp.,Megalaria grossa (Pers. ex Nyl.) Hafellner,hubpages.com
07.07.2019,Callipepla gambelii,Botrychium minganense Victorin,yolasite.com
14.06.2019,unavailable,Homomallium (Schimp.) Loeske,sina.com.cn
30.09.2019,Larus dominicanus,Rimularia furvella (Nyl. ex Mudd) Hertel & Rambold,privacy.gov.au
02.05.2019,Dasypus septemcincus,Montia parvifolia (Moc. ex DC.) Greene,technorati.com
29.04.2019,Lorythaixoides concolor,Hippeastrum puniceum (Lam.) Kuntze,netvibes.com
09.09.2019,Anhinga rufa,Salix lasiolepis Benth.,msu.edu
11.02.2019,Anser caerulescens,Anisomeridium nyssigenum (Ellis & Everh.) R.C. Harris,examiner.com
14.10.2019,Pteronura brasiliensis,Bulbostylis barbata (Rottb.) C.B. Clarke,discuz.net
14.03.2019,Stenella coeruleoalba,Anthemis L.,sourceforge.net
24.12.2018,Procyon lotor,Licaria parvifolia (Lam.) Kosterm.,drupal.org
10.04.2019,Ratufa indica,Choisya dumosa (Torr.) A. Gray var. mollis (Standl.) L.D. Benson,angelfire.com
06.08.2019,Bos taurus,Parkinsonia florida (Benth. ex A. Gray) S. Watson,foxnews.com
28.05.2019,Tockus flavirostris,Peucedanum palustre (L.) Moench,youku.com
03.07.2019,Speotyte cuniculata,Sphagnum tenellum (Brid.) Bory,simplemachines.org
19.10.2019,Macropus fuliginosus,Ceratocephala Moench,wisc.edu
31.05.2019,Streptopelia decipiens,Atriplex lentiformis (Torr.) S. Watson ssp. lentiformis,whitehouse.gov
26.04.2019,Echimys chrysurus,Balsamorhiza hookeri (Hook.) Nutt. var. idahoensis (Sharp) Cronquist,e-recht24.de
19.02.2019,Anthropoides paradisea,Valerianella dentata (L.) Pollich,icq.com
28.11.2018,Nesomimus trifasciatus,Plagiobothrys myosotoides (Lehm.) Brand,mit.edu
11.06.2019,Merops nubicus,Digitaria eriantha Steud. ssp. eriantha,washington.edu
09.04.2019,Erinaceus frontalis,Ruellia L.,archive.org
07.07.2019,Sterna paradisaea,Catolechia wahlenbergii (Ach.) Körb.,hatena.ne.jp
09.12.2018,Equus burchelli,Alectra Thunb.,virginia.edu
31.10.2019,Phasianus colchicus,Mentzelia nitens Greene,amazon.co.jp
15.09.2019,Thamnolaea cinnmomeiventris,Quercus ×capesii W. Wolf,techcrunch.com
02.08.2019,Petaurus breviceps,Bolandra A. Gray,123-reg.co.uk
10.07.2019,Castor canadensis,Lycopodiella prostrata (Harper) Cranfill,hostgator.com
02.12.2018,Felis wiedi or Leopardus weidi,Cestrum parqui L'Hér.,exblog.jp
27.05.2019,Neotis denhami,Poa paludigena Fernald & Wiegand,yahoo.com
07.01.2019,Microcavia australis,Pomaria jamesii (Torr. & A. Gray) Walp.,rakuten.co.jp
18.06.2019,Chlidonias leucopterus,Vicia peregrina L.,slashdot.org
12.08.2019,unavailable,Lasthenia ornduffii R. Chan,arizona.edu
07.04.2019,Merops nubicus,Astragalus tephrodes A. Gray var. brachylobus (A. Gray) Barneby,pen.io
19.05.2019,Lama pacos,Atriplex cuneata A. Nelson ssp. introgressa C.A. Hanson,cbsnews.com
13.04.2019,Oryx gazella callotis,Plantago patagonica Jacq.,foxnews.com
10.04.2019,Lutra canadensis,Astragalus didymocarpus Hook. & Arn. var. dispermus (A. Gray) Jeps.,jiathis.com
08.01.2019,Ploceus rubiginosus,Inga Mill.,imgur.com
29.05.2019,Orcinus orca,Rhododendron prinophyllum (Small) Millais,deviantart.com
13.05.2019,Genetta genetta,Silene parishii S. Watson var. latifolia C.L. Hitchc. & Maguire,constantcontact.com
30.10.2019,Eremophila alpestris,Penstemon tubaeflorus Nutt. var. achoreus Fernald,java.com
09.02.2019,Chlamydosaurus kingii,Stylisma pickeringii (Torr. ex M.A. Curtis) A. Gray var. pickeringii,cbsnews.com
20.07.2019,Papio cynocephalus,Lagophylla diabolensis B.G. Baldwin,nymag.com
11.05.2019,Phalacrocorax albiventer,Triadenum Raf.,surveymonkey.com
04.06.2019,Zonotrichia capensis,Psora tuckermanii R. Anderson ex Timdal,usgs.gov
30.04.2019,Spermophilus tridecemlineatus,Lupinus malacophyllus Greene,domainmarket.com
30.06.2019,Bos taurus,Cladonia phyllophora Hoffm.,nytimes.com
03.08.2019,Sarkidornis melanotos,Dioscorea hispida Dennst.,china.com.cn
18.03.2019,Macaca mulatta,Aphanisma blitoides Nutt. ex Moq.,state.gov
02.11.2019,Bassariscus astutus,Echinodorus floridanus Haynes & Burkhalter,sphinn.com
25.05.2019,Ardea cinerea,"Cyanea humboldtiana (Gaudich.) Lammers, Givnish & Sytsma",liveinternet.ru
20.02.2019,Erinaceus frontalis,Rhododendron lapponicum (L.) Wahlenb.,wisc.edu
21.01.2019,Sula dactylatra,Geranium dissectum L.,washingtonpost.com
10.09.2019,Colobus guerza,Brachychiton Schott & Endl.,diigo.com
01.03.2019,Chauna torquata,Pipturus Weddell,foxnews.com
09.07.2019,Taurotagus oryx,Cleome spinosa Jacq.,amazonaws.com
25.05.2019,Orcinus orca,Solidago bicolor L.,ucla.edu
19.09.2019,Plectopterus gambensis,Marsilea hirsuta R. Br.,ow.ly
07.03.2019,Dacelo novaeguineae,Erigeron subtrinervis Rydb. ex Porter & Britton,cdbaby.com
10.04.2019,Canis mesomelas,Echinacea Moench,amazon.co.uk
27.04.2019,Pycnonotus barbatus,Hoheria populnea A. Cunn.,hhs.gov
08.06.2019,Centrocercus urophasianus,Mycoblastus marginatus Degel.,youtube.com
03.09.2019,Geospiza sp.,Cucumis metuliferus E. Mey. ex Naud.,google.fr
13.11.2018,Dasypus novemcinctus,Caesalpinia monensis Britton,wikispaces.com
27.02.2019,Varanus albigularis,Potamogeton ×rectifolius Benn.,nbcnews.com
26.01.2019,unavailable,Diamorpha smallii Britton ex Small,latimes.com
11.08.2019,Anathana ellioti,Vernonia ×georgiana Bartlett (pro sp.),huffingtonpost.com
03.09.2019,Mycteria leucocephala,Cynodontium glaucescens (Lindb. & Arnell) Par.,hostgator.com
16.11.2018,Lama glama,Streptanthus oliganthus Rollins,meetup.com
28.05.2019,Tiliqua scincoides,Argemone aurantiaca G.B. Ownbey,freewebs.com
21.03.2019,Cereopsis novaehollandiae,Delphinium distichum Geyer ex Hook.,google.ru
04.02.2019,Macropus rufogriseus,Bothriochloa insculpta (Hochst.) A. Camus [excluded],chron.com
19.10.2019,Antechinus flavipes,Orthotrichum praemorsum Vent.,cisco.com
26.07.2019,Pseudalopex gymnocercus,Consolida regalis Gray,creativecommons.org
03.11.2019,Manouria emys,Calamagrostis purpurascens R. Br. var. purpurascens,ask.com
26.03.2019,Phalacrocorax brasilianus,Luina serpentina Cronquist,weibo.com
15.05.2019,Vanellus chilensis,Schiedea diffusa A. Gray,weibo.com
04.08.2019,Irania gutteralis,Eremocrinum albomarginatum (M.E. Jones) M.E. Jones,furl.net
27.04.2019,Cygnus atratus,Tylothallia biformigera (Leight.) P. James & R. Kilias,wired.com
15.11.2018,Vulpes vulpes,Oxalis oregana Nutt.,mozilla.org
28.08.2019,Naja sp.,Cassia roxburghii DC.,auda.org.au
15.03.2019,Francolinus swainsonii,Polygonum heterosepalum M. Peck & Ownbey,amazonaws.com
06.02.2019,Eunectes sp.,"Corallorhiza Gagnebin, orth. cons.",ifeng.com
28.03.2019,Erinaceus frontalis,Taxiphyllum taxirameum (Mitt.) Fleisch.,istockphoto.com
16.07.2019,Centrocercus urophasianus,Serjania diversifolia (Jacq.) Radlk.,flickr.com
06.01.2019,Nyctereutes procyonoides,Lagotis minor (Willd.) Standl.,github.com
10.07.2019,Smithopsis crassicaudata,Jasminum nitidum Skan,paginegialle.it
22.06.2019,Merops bullockoides,Phyllostegia glabra (Gaudich.) Benth.,blogger.com
30.07.2019,Ephippiorhynchus mycteria,Acacia silvestris Tindale,auda.org.au
17.08.2019,Ciconia ciconia,Gilia flavocincta A. Nelson,hibu.com
22.08.2019,Grus rubicundus,Psathyrotes ramosissima (Torr.) A. Gray,ucoz.com
24.07.2019,Phylurus milli,Hyptis verticillata Jacq.,wikia.com
15.04.2019,Sitta canadensis,Alternanthera brasiliana (L.) Kuntze,desdev.cn
08.05.2019,Hyaena hyaena,Placynthium petersii (Nyl.) Burnham,ebay.com
29.08.2019,Naja haje,Ternstroemia subsessilis (Britton) Kobuski,a8.net
29.11.2018,Meleagris gallopavo,Pseudognaphalium canescens (DC.) W.A. Weber,stumbleupon.com
01.06.2019,Sciurus vulgaris,Mimulus glabratus Kunth var. glabratus,1und1.de
17.03.2019,Boa constrictor mexicana,Bahia pedata A. Gray,patch.com
17.04.2019,Colobus guerza,Mahonia aquifolium (Pursh) Nutt.,go.com
27.03.2019,Phoca vitulina,Elatine californica A. Gray,comsenz.com
27.01.2019,Raphicerus campestris,Cuscuta howelliana P. Rubtzov,blogtalkradio.com
08.04.2019,Egretta thula,Helianthella californica A. Gray,gmpg.org
25.04.2019,Tiliqua scincoides,Alopecurus creticus Trin.,tiny.cc
11.05.2019,Spermophilus richardsonii,Eriochloa punctata (L.) Desv. ex Ham.,mail.ru
16.02.2019,Sarkidornis melanotos,Potentilla furcata A.E. Porsild,omniture.com
20.05.2019,Corvus albicollis,Cystopteris Bernh.,lulu.com
14.08.2019,Pteronura brasiliensis,Lobelia ×speciosa Sweet (pro sp.),purevolume.com
01.07.2019,Cathartes aura,Philadelphus wootonii Hu,bandcamp.com
21.04.2019,Equus burchelli,Glandularia bipinnatifida (Nutt.) Nutt. var. ciliata (Benth.) B.L. Turner,un.org
03.01.2019,Pseudalopex gymnocercus,Carpobrotus chilensis (Molina) N.E. Br.,sbwire.com
22.07.2019,Tapirus terrestris,Colubrina glandulosa Perkins,gravatar.com
11.08.2019,Corvus albicollis,Setaria verticilliformis Dunart.,cornell.edu
01.12.2018,unavailable,Vaccinium dentatum Sm.,eepurl.com
11.03.2019,Phaethon aethereus,Alectryon Gaertn.,ftc.gov
28.06.2019,unavailable,Condylidium R.M. King & H. Rob.,irs.gov
11.11.2018,Choloepus hoffmani,Chamaecrista nictitans (L.) Moench ssp. nictitans var. jaliscensis (Greenm.) Irwin & Barneby [excluded],acquirethisname.com
03.11.2019,Tursiops truncatus,Fulgensia desertorum (Tomin) Poelt,fotki.com
20.10.2019,Castor canadensis,Carex ×neorigida Lepage,bbc.co.uk
04.12.2018,Cebus apella,Echinacea atrorubens Nutt.,harvard.edu
05.01.2019,Sciurus vulgaris,Limprichtia revolvens (Sw.) Loeske,dedecms.com
20.11.2018,Lama guanicoe,Agalinis paupercula (A. Gray) Britton var. paupercula,barnesandnoble.com
12.03.2019,Tamiasciurus hudsonicus,Plagiobothrys bracteatus (Howell) I.M. Johnst. var. bracteatus,wordpress.org
18.06.2019,Sciurus vulgaris,Prestoea acuminata (Willd.) H.E. Moore,scribd.com
30.04.2019,Microcebus murinus,Euphorbia radians Benth.,nps.gov
02.09.2019,Sciurus niger,Lecanora wisconsinensis H. Magn.,noaa.gov
19.03.2019,Heloderma horridum,Asplenium formosum Willd.,dyndns.org
22.08.2019,Lutra canadensis,Betula papyrifera Marshall var. papyrifera,sina.com.cn
11.01.2019,Ephippiorhynchus mycteria,Salicornia maritima Wolff & Jefferies,xrea.com
27.01.2019,Macropus agilis,Physcia (Schreb.) Michx.,yandex.ru
15.05.2019,Aegypius tracheliotus,Melica harfordii Bol.,loc.gov
24.09.2019,Spermophilus richardsonii,Picrothamnus desertorum Nutt.,sourceforge.net
29.05.2019,Chlidonias leucopterus,Oreoxis alpina (A. Gray) J.M. Coult. & Rose ssp. puberulenta W.A. Weber,foxnews.com
18.02.2019,Ephipplorhynchus senegalensis,"Cyanea longiflora (Wawra) Lammers, Givnish & Systma",gnu.org
22.04.2019,Tockus flavirostris,Tilia americana L.,home.pl
04.09.2019,Cacatua tenuirostris,Kalinia obtusiflora (E. Fourn.) H.L. Bell & Columbus,tmall.com
05.02.2019,Manouria emys,Quercus ×atlantica Ashe (pro sp.),addthis.com
24.05.2019,Eudyptula minor,Leptodactylon californicum Hook. & Arn. ssp. californicum,amazon.co.jp
14.10.2019,Pterocles gutturalis,Pleurothallis ruscifolia (Jacq.) R. Br.,mediafire.com
18.12.2018,Milvus migrans,Lysimachia ciliata L.,miitbeian.gov.cn
04.06.2019,Priodontes maximus,Acer pseudoplatanus L.,xinhuanet.com
05.01.2019,Eutamias minimus,Bromus hordeaceus L. ssp. thominei (Hardham ex Nyman) Braun-Blanq.,marketwatch.com
01.01.2019,Ephippiorhynchus mycteria,Cucumis ficifolius A. Rich.,diigo.com
19.01.2019,Corvus albicollis,Erythronium grandiflorum Pursh ssp. grandiflorum,boston.com
10.12.2018,Alcelaphus buselaphus caama,Lecanora epanora (Ach.) Ach.,scribd.com
24.06.2019,Gorilla gorilla,Galactia wrightii A. Gray,godaddy.com
01.06.2019,Fratercula corniculata,Pouteria dominigensis (C.F. Gaertn.) Baehni,guardian.co.uk
06.03.2019,Corvus albicollis,Astragalus tenellus Pursh,japanpost.jp
10.06.2019,Phaethon aethereus,Eugenia fajardensis (Krug & Urb.) Urb.,feedburner.com
07.09.2019,Threskionis aethiopicus,Lecidella flavosorediata (Vezda) Hertel & Leuckert,devhub.com
02.04.2019,Sarkidornis melanotos,Oreonana Jeps.,squidoo.com
16.10.2019,Tachyglossus aculeatus,Agalinis tenuifolia (Vahl) Raf.,flavors.me
13.02.2019,Sciurus vulgaris,Arthonia xylographica Nyl.,blogtalkradio.com
13.08.2019,Panthera tigris,Baccharis wrightii A. Gray,reuters.com
21.07.2019,Drymarchon corias couperi,Stylosanthes erecta P. Beauv.,seattletimes.com
09.05.2019,Prionace glauca,Quercus oglethorpensis Duncan,virginia.edu
30.03.2019,Ara chloroptera,Agrostis clivicola Crampton var. punta-reyesensis Crampton,pen.io
20.06.2019,Prionace glauca,Greyia Hook. & Harv.,foxnews.com
20.06.2019,Psophia viridis,Calamagrostis stricta (Timm) Koeler ssp. stricta var. borealis (Laest.) Hartm.,desdev.cn
06.04.2019,Cracticus nigroagularis,Scolosanthus Vahl,dagondesign.com
15.07.2019,Trichoglossus chlorolepidotus,Fimbristylis Vahl,prlog.org
06.11.2018,Delphinus delphis,Pyrola minor L.,fotki.com
27.10.2019,Gabianus pacificus,Erechtites hieraciifolius (L.) Raf. ex DC. var. megalocarpus (Fernald) Cronquist,dell.com
25.01.2019,Nasua nasua,Achnatherum nelsonii (Scribn.) Barkworth ssp. nelsonii,so-net.ne.jp
15.10.2019,Aonyx cinerea,Anthemis tinctoria L.,skype.com
15.12.2018,Equus hemionus,Oxalis albicans Kunth ssp. albicans,webeden.co.uk
16.06.2019,Anas platyrhynchos,Umbilicaria muehlenbergii (Ach.) Tuck.,jimdo.com
16.04.2019,Neotis denhami,Carex heteroneura W. Boott,mediafire.com
22.12.2018,Kobus defassa,Celtis lindheimeri Engelm. ex K. Koch,chron.com
17.10.2019,Pelecanus occidentalis,Scleropodium cespitans (Müll. Hal.) L.F. Koch var. sublaeve (Renauld & Cardot) Wijk & Margad.,shutterfly.com
24.04.2019,Spheniscus mendiculus,Philonotis marchica (Hedw.) Brid.,shop-pro.jp
06.06.2019,Castor fiber,×Agropogon Fourn.,amazon.co.uk
05.06.2019,Climacteris melanura,Ilex collina Alexander,disqus.com
04.09.2019,Butorides striatus,Ottoschulzia Urb.,irs.gov
17.12.2018,Anastomus oscitans,Astragalus serpens M.E. Jones,surveymonkey.com
13.07.2019,Semnopithecus entellus,Enterolobium cyclocarpum (Jacq.) Griseb.,discovery.com
21.01.2019,Raphicerus campestris,Bromus hordeaceus L. ssp. hordeaceus,jimdo.com
06.02.2019,Pelecanus occidentalis,Lesquerella kingii S. Watson,google.es
14.12.2018,Hymenolaimus malacorhynchus,Arctostaphylos mendocinoensis P.V. Wells,auda.org.au
25.06.2019,Mungos mungo,Carphephorus odoratissimus (J.F. Gmel.) Herb.,hubpages.com
19.04.2019,Orcinus orca,Schoenoplectus ×contortus (Eames) S.G. Sm.,china.com.cn
21.10.2019,Francolinus coqui,Horkelia truncata Rydb.,ft.com
15.10.2019,Columba palumbus,Passiflora affinis Engelm.,samsung.com
12.10.2019,Thamnolaea cinnmomeiventris,Comptonia peregrina (L.) J.M. Coult.,addtoany.com
01.04.2019,Phacochoerus aethiopus,Lycium chinense Mill.,umn.edu
07.11.2018,Martes americana,Hackelia diffusa (Lehm.) I.M. Johnst. var. cottonii (Piper) R.L. Carr,wunderground.com
20.08.2019,Coendou prehensilis,Hypnum plicatulum (Lindb.) A. Jaeger,sohu.com
05.02.2019,Marmota caligata,Paulia pyrenoides (Nyl.) Henssen,mtv.com
08.08.2019,Sciurus vulgaris,Dyschoriste schiedeana (Nees) Kuntze var. decumbens (A. Gray) Henrickson,icio.us
12.05.2019,Petaurus breviceps,Anthephora pubescens Nees,latimes.com
30.06.2019,Neotis denhami,Mielichhoferia mielichhoferiana (Funck) Loeske var. elongata (Hoppe & Hornsch. ex Hook.) Wijk & Margad.,trellian.com
03.07.2019,Pseudoleistes virescens,Heuchera americana L.,soundcloud.com
02.05.2019,Spheniscus magellanicus,Lobelia niihauensis H. St. John,paginegialle.it
19.11.2018,Bassariscus astutus,Impatiens capensis Meerb.,about.com
05.09.2019,Phalacrocorax varius,Maackia amurensis Rupr. & Maxim.,sohu.com
18.02.2019,Boselaphus tragocamelus,Wedelia acapulcensis Kunth var. hispida (Kunth) Strother,bravesites.com
28.08.2019,Felis concolor,Calochortus striatus Parish,ocn.ne.jp
05.11.2018,Kobus defassa,Micarea lutulata (Nyl.) Coppins,jimdo.com
19.02.2019,Ictonyx striatus,Ramalina dasypoga Tuck.,sogou.com
18.04.2019,Didelphis virginiana,Rosa ×dumetorum Thuill.,i2i.jp
04.07.2019,Connochaetus taurinus,Callistemon linearis (Schrad. & J.C. Wendl.) Sweet,jugem.jp
01.02.2019,Pedetes capensis,Eriogonum kennedyi Porter ex S. Watson var. alpigenum Munz & I.M. Johnst.,ucla.edu
23.02.2019,Butorides striatus,Eleocharis uniglumis (Link) Schult.,xinhuanet.com
17.01.2019,Vanessa indica,Melica subulata (Griseb.) Scribn.,devhub.com
11.11.2018,Felis chaus,Draba sibirica (Pall.) Thell. ssp. arctica Böcher,odnoklassniki.ru
26.02.2019,Pseudocheirus peregrinus,Matelea trianae (Decne. ex Trin.) Spellman,aol.com
12.06.2019,Eudyptula minor,Manihot walkerae Croizat,edublogs.org
18.12.2018,Eudromia elegans,Lomatium foeniculaceum (Nutt.) J.M. Coult. & Rose,over-blog.com
12.10.2019,Ateles paniscus,Koelreuteria bipinnata Franchet,pcworld.com
25.05.2019,Sarkidornis melanotos,Carex brevior (Dewey) Mack.,ezinearticles.com
06.03.2019,Dendrocitta vagabunda,Carlquistia muirii (A. Gray) B.G. Baldw.,newsvine.com
22.08.2019,Motacilla aguimp,Notholaena neglecta Maxon,flickr.com
24.02.2019,Heloderma horridum,Salix arctophila Cockerell ex A. Heller,npr.org
02.03.2019,Thylogale stigmatica,Garrya congdonii Eastw.,answers.com
17.12.2018,Spermophilus parryii,Pteryxia terebinthina (Hook.) J.M. Coult. & Rose var. californica (J.M. Coult. & Rose) Mathias,feedburner.com
25.05.2019,Cebus apella,Dalibarda repens L.,photobucket.com
17.07.2019,Odocoilenaus virginianus,Lathyrus inconspicuus L.,feedburner.com
21.04.2019,Pseudalopex gymnocercus,Ipomopsis spicata (Nutt.) V.E. Grant ssp. orchidacea (Brand) Wilken & R.L. Hartm. var. cephaloidea (Rydb.) Wilken & R.L. Hartm.,deliciousdays.com
02.02.2019,Lophoaetus occipitalis,Campanula exigua Rattan,barnesandnoble.com
26.03.2019,Colobus guerza,Eriogonum nutans Torr. & A. Gray var. glabratum Reveal,geocities.jp
17.12.2018,Martes americana,Mycelis Cass.,shinystat.com
04.09.2019,Perameles nasuta,Fendlerella (Greene) A. Heller,cafepress.com
24.05.2019,Thamnolaea cinnmomeiventris,Grindelia hirsutula Hook. & Arn. var. hirsutula,google.de
12.09.2019,Ephippiorhynchus mycteria,Berberis thunbergii DC.,comsenz.com
18.03.2019,Genetta genetta,Stylisma humistrata (Walter) Chapm.,cbc.ca
06.08.2019,Tamiasciurus hudsonicus,Brachiaria nigropedata (Munro ex Ficalho & Hiern) Stapf,artisteer.com
22.09.2019,Libellula quadrimaculata,Phlox glabriflora (Brand) Whitehouse ssp. glabriflora,mayoclinic.com
19.05.2019,Centrocercus urophasianus,Rafinesquia Nutt.,ibm.com
29.11.2018,Bison bison,Scutellaria resinosa Torr.,liveinternet.ru
06.05.2019,Alouatta seniculus,Cyclodictyon Mitt.,51.la
10.09.2019,Damaliscus dorcas,Epidendrum jamaicense Lindl.,mac.com
26.11.2018,Passer domesticus,Pertusaria plittiana Erichsen,java.com
19.04.2019,Phoenicopterus chilensis,Nuphar lutea (L.) Sm. ssp. orbiculata (Small) E.O. Beal,nhs.uk
21.05.2019,Pteronura brasiliensis,"Escobaria orcuttii Boed. var. koenigii Castetter, Pierce & Schwerin",princeton.edu
15.05.2019,Ara macao,Coleogyne Torr.,unicef.org
12.01.2019,Eutamias minimus,Physaria floribunda Rydb. var. floribunda,hc360.com
11.10.2019,Nesomimus trifasciatus,Parnassia kotzebuei Cham. ex Spreng.,nyu.edu
03.03.2019,Mycteria leucocephala,Evax candida (Torr. & A. Gray) A. Gray,cnet.com
02.08.2019,Antechinus flavipes,Taxus L.,a8.net
03.07.2019,Melursus ursinus,Astrolepis Benham & Windham,msu.edu
15.05.2019,Felis concolor,Melpomense A.R. Sm. & R.C. Moran,uiuc.edu
27.02.2019,Bucorvus leadbeateri,Noccaea arctica (A.E. Porsild) Holub,yale.edu
09.03.2019,Alopex lagopus,Lathyrus jepsonii Greene ssp. californicus (S. Watson) C.L. Hitchc.,sbwire.com
22.05.2019,Bucorvus leadbeateri,Collema conglomeratum Hoffm. var. crassiusculum (Malme) Degel.,unesco.org
15.04.2019,Bassariscus astutus,Cyperus articulatus L.,cafepress.com
12.09.2019,Sus scrofa,Rubus maniseesensis L.H. Bailey,plala.or.jp
28.11.2018,Ctenophorus ornatus,Polygala intermontana T. Wendt,livejournal.com
30.03.2019,Coluber constrictor foxii,Dicranum tauricum Sapeh.,wunderground.com
24.10.2019,Casmerodius albus,Mycomicrothelia capitosa (Krempelh.) D. Hawksw.,mail.ru
17.11.2018,Catharacta skua,Parmeliella pannosa (Sw.) Nyl.,adobe.com
14.06.2019,Eubalaena australis,Triteleia lemmoniae (S. Watson) Greene,biglobe.ne.jp
22.12.2018,Oncorhynchus nerka,Symphyotrichum concolor (L.) G.L. Nesom,nhs.uk
27.09.2019,Vulpes vulpes,Calylophus hartwegii (Benth.) P.H. Raven ssp. pubescens (A. Gray) Towner & P.H. Raven,nymag.com
23.05.2019,Larus fuliginosus,Astragalus argophyllus Nutt. var. panguicensis (M.E. Jones) M.E. Jones,boston.com
21.08.2019,Redunca redunca,Streptanthus cutleri Cory,japanpost.jp
22.04.2019,Tamiasciurus hudsonicus,Mayaca Aubl.,about.me
12.06.2019,Haliaeetus leucocephalus,Pleomele aurea (H. Mann) N.E. Br.,zdnet.com
29.04.2019,Tadorna tadorna,Trifolium squamosum L.,dedecms.com
13.04.2019,Eudyptula minor,Diodia apiculata (Willd. ex Roem. & Schult.) K. Schum.,theglobeandmail.com
29.01.2019,Columba livia,Funastrum cynanchoides (Decne.) Schltr. ssp. cynanchoides,myspace.com
07.06.2019,Felis wiedi or Leopardus weidi,Cephalotaxus Siebold & Zucc. ex Endl.,pinterest.com
02.06.2019,Nyctea scandiaca,Pistacia L.,uol.com.br
16.03.2019,Alcelaphus buselaphus caama,Dryopteris marginalis (L.) A. Gray,goodreads.com
15.11.2018,Macaca nemestrina,Lupinus stiversii Kellogg,biblegateway.com
24.11.2018,Acrobates pygmaeus,Artemisia ludoviciana Nutt. ssp. ludoviciana,msn.com
05.09.2019,Rhea americana,Orbexilum lupinellum (Michx.) Isely,yandex.ru
26.09.2019,Falco mexicanus,Perideridia erythrorhiza (Piper) T.I. Chuang & Constance,senate.gov
01.06.2019,Oncorhynchus nerka,Achillea millefolium L. var. puberula (Rydb.) Nobs,comcast.net
13.09.2019,Gopherus agassizii,Portulaca smallii P. Wilson,google.com
09.02.2019,Gazella granti,Phacelia egena (Greene ex Brand) Greene ex J.T. Howell,altervista.org
10.07.2019,Carphophis sp.,Escallonia rubra (Ruiz & Pav.) Pers. var. macrantha (Hook. & Arn.) Reiche,reverbnation.com
06.12.2018,Bubalus arnee,Leymus mollis (Trin.) Pilg. ssp. villosissimus (Scribn.) Á. Löve,stumbleupon.com
14.05.2019,Corvus albicollis,Commelina rufipes Seubert var. glabrata (D. Hunt) Faden & D.R. Hunt,gnu.org
25.04.2019,Varanus komodensis,Schismus P. Beauv.,163.com
16.07.2019,Vulpes chama,Leymus triticoides (Buckley) Pilg.,topsy.com
27.01.2019,Ara chloroptera,Eugenia rhombea (Berg) Krug & Urb.,msn.com
14.01.2019,Chlamydosaurus kingii,Limonium limbatum Small,amazon.de
20.09.2019,Tachyglossus aculeatus,Potentilla rivalis Nutt.,foxnews.com
28.01.2019,unavailable,Asplenium feei Kunze ex Fée,usda.gov
20.11.2018,Pteronura brasiliensis,Sagittaria lancifolia L. ssp. media (Micheli) Bogin,icq.com
08.04.2019,Chlidonias leucopterus,Bidens bigelovii A. Gray var. angustiloba (DC.) R.E. Ballard ex Melchert,shop-pro.jp
24.09.2019,Phoeniconaias minor,Sphaeralcea digitata (Greene) Rydb. ssp. digitata,is.gd
04.06.2019,Geococcyx californianus,Aster tataricus L. f.,jimdo.com
19.12.2018,Phylurus milli,Plagiobothrys Fisch. & C.A. Mey.,com.com
20.01.2019,Anas bahamensis,Eruca vesicaria (L.) Cav. ssp. sativa (Mill.) Thell.,ezinearticles.com
20.03.2019,Sciurus niger,Bryum incrassatolimbatum Cardot,google.com.au
24.06.2019,Cacatua galerita,Arthonia subminutissima Nyl.,t.co
14.03.2019,Sceloporus magister,Philodendron hederaceum (Jacq.) Schott var. oxycardium (Schott) Croat,pen.io
21.12.2018,Cervus duvauceli,Lepidium lasiocarpum Nutt. var. lasiocarpum,ask.com
20.09.2019,Phalaropus fulicarius,"Notholithocarpus densiflorus (Hook. & Arn.) P.S. Manos, C.H. Cannon, & S.H. Oh var. densiflorus",blogspot.com
24.04.2019,Melursus ursinus,Psilocarphus oregonus Nutt.,wikipedia.org
03.01.2019,Panthera leo,Eucalyptus bridgesiana R. Baker,slate.com
07.12.2018,Meles meles,Arabis sparsiflora Nutt. var. sparsiflora,g.co
31.01.2019,unavailable,Cornus sericea L. ssp. sericea,tamu.edu
14.12.2018,Ictonyx striatus,Guapira obtusata (Jacq.) Little,weebly.com
03.09.2019,Dasypus septemcincus,Fraxinus latifolia Benth.,seesaa.net
08.12.2018,Laniarius ferrugineus,Synthyris canbyi Pennell,harvard.edu
18.07.2019,Ephippiorhynchus mycteria,Staurothele fissa (Taylor) Zwackh,woothemes.com
25.05.2019,Crocuta crocuta,Crataegus sargentii Beadle,freewebs.com
25.12.2018,Dasyurus viverrinus,Lecidea Ach.,creativecommons.org
28.09.2019,Chordeiles minor,Streptanthus gracilis Eastw.,amazon.de
11.10.2019,Colobus guerza,Jasminum mesnyi Hance,uol.com.br
03.03.2019,Corallus hortulanus cooki,Hypericum lloydii (Svens.) P. Adams,joomla.org
15.06.2019,Tyto novaehollandiae,Erodium texanum A. Gray,newsvine.com
09.04.2019,Canis latrans,Opuntia stricta (Haw.) Haw.,nymag.com
14.06.2019,Ephipplorhynchus senegalensis,×Elyhordeum arcuatum Mitchell & Hodgson,cbsnews.com
04.10.2019,Canis mesomelas,Calochortus persistens Ownbey,si.edu
17.01.2019,Ammospermophilus nelsoni,Mahonia lomariifolia Takeda,ehow.com
12.08.2019,Aegypius occipitalis,Ilex krugiana Loes.,lycos.com
27.07.2019,Ardea cinerea,Penstemon cyananthus Hook. var. subglaber (A. Gray) N.H. Holmgren,addthis.com
11.07.2019,Paraxerus cepapi,Ericameria nauseosa (Pall. ex Pursh) G.L. Nesom & Baird ssp. consimilis (Greene) G.L. Nesom & Baird var. juncea (Greene) G.L. Nesom & Baird,about.me
07.04.2019,Dipodomys deserti,Cyanea kahiliensis (H. St. John) Lammers,tinyurl.com
19.09.2019,Aegypius tracheliotus,Verbascum densiflorum Bertol.,wisc.edu
17.12.2018,Eumetopias jubatus,Ludwigia grandiflora (Michx.) Greuter & Burdet ssp. hexapetala (Hook. & Arn.) G.L. Nesom & Kartesz,blinklist.com
14.01.2019,Choloepus hoffmani,Trillium stamineum Harbison,jigsy.com
08.10.2019,Graspus graspus,Arctostaphylos imbricata Eastw.,opera.com
30.06.2019,Catharacta skua,Bidens eatonii Fernald,sakura.ne.jp
02.05.2019,Castor canadensis,Graphina substriatula (Nyl.) Zahlbr.,dailymail.co.uk
17.11.2018,Pseudoleistes virescens,Dicliptera resupinata (Vahl) Juss.,gnu.org
26.01.2019,Felis concolor,Cypripedium ×andrewsii A.M. Fuller var. favillianum (J.T. Curtis) B. Boivin (pro nm.),usnews.com
19.03.2019,Lasiodora parahybana,Juniperus occidentalis Hook.,un.org
12.01.2019,Spilogale gracilis,Carex glareosa Schkuhr ex Wahlenb. ssp. glareosa var. glareosa,about.com
19.04.2019,Felis concolor,Pyrenula leucostoma Ach.,state.gov
11.09.2019,Fratercula corniculata,Polystichum bonseyi W.H. Wagner & Hobdy,discovery.com
12.04.2019,Thalasseus maximus,Epidendrum magnoliae Muhl.,dmoz.org
11.10.2019,unavailable,Symphyotrichum anticostense (Fernald) G.L. Nesom,ed.gov
19.12.2018,Felis concolor,Psychotria greenwelliae Fosberg,microsoft.com
05.12.2018,Phalaropus fulicarius,Eugenia reinwardtiana (Blume) DC.,tmall.com
22.05.2019,Dasypus novemcinctus,Orobanche ludoviciana Nutt.,51.la
07.05.2019,Felis silvestris lybica,Hookeria acutifolia Hook. & Grev.,cnn.com
30.05.2019,Lophoaetus occipitalis,Torreya Arn.,nydailynews.com
02.03.2019,Falco peregrinus,Cyanea kuhihewa Lammers,about.com
01.09.2019,Trichosurus vulpecula,Mitella breweri A. Gray,amazon.co.uk
02.05.2019,Phalacrocorax carbo,Virola sebifera Aubl.,so-net.ne.jp
29.12.2018,Alouatta seniculus,Philadelphus incanus Koehne,cpanel.net
06.09.2019,Hystrix indica,Bacopa stricta (Schrad.) B.L. Rob.,tiny.cc
11.08.2019,Cacatua galerita,Rubus gulosus L.H. Bailey,de.vu
17.09.2019,Mycteria ibis,Tripogon major Hook. f.,seattletimes.com
29.01.2019,Orcinus orca,Perideridia bolanderi (A. Gray) A. Nelson & J.F. Macbr. ssp. involucrata T.I. Chuang & Constance,goo.ne.jp
22.01.2019,Antechinus flavipes,Bromus ciliatus L.,angelfire.com
21.11.2018,Macropus agilis,Cakile lanceolata (Willd.) O.E. Schulz ssp. fusiformis (Greene) Rodman,webmd.com
23.07.2019,Phoenicopterus ruber,Lathyrus lanszwertii Kellogg var. brownii (Eastw.) Jeps.,disqus.com
09.04.2019,Ictonyx striatus,Eucnide rupestris (Baill.) H.J. Thomp. & Ernst,senate.gov
19.06.2019,Boselaphus tragocamelus,Wyethia angustifolia (DC.) Nutt.,indiatimes.com
06.01.2019,Cereopsis novaehollandiae,Schleichera Willd.,live.com
05.01.2019,Elephas maximus bengalensis,Piptatherum P. Beauv.,marriott.com
07.03.2019,Ciconia episcopus,Arbutus L.,bloomberg.com
10.09.2019,Thamnolaea cinnmomeiventris,Parthenice A. Gray,ucsd.edu
09.03.2019,Ciconia ciconia,Eleocharis cancellata S. Watson,europa.eu
31.12.2018,Ovis musimon,Dicksonia squarrosa (G. Forst.) Sw.,blog.com
30.03.2019,Eumetopias jubatus,Penstemon ×jonesii Pennell (pro sp.),bing.com
23.10.2019,Chelodina longicollis,Carex scirpoidea Michx.,linkedin.com
05.09.2019,Bettongia penicillata,Sarracenia ×catesbaei Elliott (pro sp.),hhs.gov
01.12.2018,Drymarchon corias couperi,Couroupita guianensis Aubl.,dagondesign.com
31.10.2019,Ammospermophilus nelsoni,Moraea flaccida (Sweet) Steud.,bigcartel.com
28.05.2019,Vanessa indica,Brachythecium albicans (Hedw.) Schimp.,bbc.co.uk
01.01.2019,Picoides pubescens,Hastingsia bracteosa S. Watson var. bracteosa,disqus.com
16.09.2019,Corallus hortulanus cooki,Dioscorea convolvulacea Cham. & Schltdl.,walmart.com
05.03.2019,Pycnonotus nigricans,Peperomia quadrifolia (L.) Kunth,answers.com
27.10.2019,Bubalus arnee,Symphyotrichum subspicatum (Nees) G.L. Nesom var. subspicatum,loc.gov
20.10.2019,Butorides striatus,Berberis L.,cnn.com
18.01.2019,Castor fiber,Sidalcea keckii Wiggins,chron.com
20.02.2019,Eurocephalus anguitimens,Athyrium filix-femina (L.) Roth,histats.com
17.12.2018,Orcinus orca,Hordeum jubatum L. ssp. jubatum,hud.gov
27.05.2019,unavailable,Platanus orientalis L.,columbia.edu
14.06.2019,Alopex lagopus,Lepanthopsis melanantha (Rchb. f.) Ames,umich.edu
29.01.2019,Oreamnos americanus,Salix barclayi Andersson,uiuc.edu
26.09.2019,Anas platyrhynchos,Sinapis arvensis L.,mlb.com
15.04.2019,Pelecans onocratalus,Quercus ×mellichampii Trel. ex Sarg.,joomla.org
27.11.2018,Dasyurus maculatus,Delphinium novomexicanum Wooton,xing.com
04.11.2019,Macropus fuliginosus,Trapeliopsis viridescens (Schrad.) Coppins & P. James,amazonaws.com
26.03.2019,Pandon haliaetus,Physaria repanda Rollins,answers.com
15.04.2019,Zosterops pallidus,Eriogonum umbellatum Torr.,w3.org
05.08.2019,Antechinus flavipes,Aristida dichotoma Michx. var. curtissii A. Gray,dion.ne.jp
26.10.2019,Tachyglossus aculeatus,Micropsis DC.,engadget.com
25.07.2019,Macropus robustus,Lasthenia coronaria (Nutt.) Ornduff,exblog.jp
09.02.2019,Eudyptula minor,Prenanthes ×mainensis A. Gray (pro sp.),nps.gov
15.02.2019,unavailable,Justicia borinquensis Britton,homestead.com
03.07.2019,Anas bahamensis,Eriochloa crebra S.T. Blake,shop-pro.jp
05.05.2019,Cynomys ludovicianus,Frasera albicaulis Douglas ex Griseb. var. albicaulis,digg.com
23.07.2019,Cabassous sp.,Pinus patula Schiede ex Schltdl. & Cham.,irs.gov
01.01.2019,Otaria flavescens,Lomatium nevadense (S. Watson) J.M. Coult. & Rose var. parishii (J.M. Coult. & Rose) Jeps.,hexun.com
14.02.2019,Phascogale calura,Sideroxylon portoricense Urb.,ow.ly
24.11.2018,Macropus robustus,Muhlenbergia arenacea (Buckley) Hitchc.,seesaa.net
01.12.2018,Kobus defassa,Eriastrum pluriflorum (A. Heller) H. Mason ssp. pluriflorum,pinterest.com
14.11.2018,Spermophilus parryii,Caloplaca cascadensis H. Magn.,creativecommons.org
07.01.2019,Pycnonotus nigricans,Lupinus bicolor Lindl. ssp. umbellatus (Greene) D. Dunn var. trifidus (S. Watson) C.P. Sm.,t-online.de
13.05.2019,Hippotragus equinus,Polygonum douglasii Greene ssp. johnstonii (Munz) J.C. Hickman,icio.us
22.03.2019,Chlamydosaurus kingii,Iresine diffusa Humb. & Bonpl. ex Willd.,usnews.com
08.07.2019,Grus canadensis,Rhytidophyllum auriculatum Hook.,chron.com
30.11.2018,Iguana iguana,Veratrum californicum Durand,domainmarket.com
22.07.2019,Bos taurus,Calliergonella Loeske,google.com.au
03.11.2019,Phoeniconaias minor,Carex missouriensis P. Rothr. & Reznicek,yahoo.co.jp
27.10.2019,Buteo regalis,Hottonia L.,independent.co.uk
14.08.2019,Dipodomys deserti,Lespedeza ×brittonii E.P. Bicknell (pro sp.),comsenz.com
24.01.2019,Bassariscus astutus,Baileya multiradiata Harv. & A. Gray ex A. Gray,sitemeter.com
01.11.2019,Anastomus oscitans,Osmorhiza claytonii (Michx.) C.B. Clarke,utexas.edu
15.04.2019,Cacatua tenuirostris,Dryas drummondii Richardson ex Hook. var. eglandulosa A.E. Porsild,wisc.edu
05.10.2019,Cereopsis novaehollandiae,Pedicularis bracteosa Benth. var. flavida (Pennell) Cronquist,fastcompany.com
03.04.2019,Naja haje,Vaccinium pallidum Aiton,springer.com
07.02.2019,Bucephala clangula,Hesperomannia A. Gray,about.me
17.03.2019,Ara chloroptera,Ochrolechia tartarea (L.) A. Massal.,jigsy.com
27.04.2019,Haliaetus vocifer,Iris laevigata Fisch. ex Fisch. & C.A. Mey.,gov.uk
22.05.2019,Pitangus sulphuratus,Galium stellatum Kellogg,studiopress.com
18.07.2019,Tadorna tadorna,Chloris truncata R. Br.,livejournal.com
07.07.2019,Dasyurus viverrinus,Stellaria borealis Bigelow,chronoengine.com
31.03.2019,Plocepasser mahali,Bryoerythrophyllum recurvirostre (Hedw.) Chen,simplemachines.org
21.05.2019,Delphinus delphis,Phacelia brachyloba (Benth.) A. Gray,imgur.com
07.07.2019,Upupa epops,Carex laxiflora Lam.,bravesites.com
01.10.2019,Tringa glareola,Herzogiella turfacea (Lindb.) Z. Iwats.,mit.edu
12.04.2019,Didelphis virginiana,Premna obtusifolia R. Br.,ucoz.com
05.07.2019,Otaria flavescens,Uncinia hamata (Sw.) Urb.,washington.edu
20.11.2018,Cochlearius cochlearius,Descurainia pinnata (Walter) Britton ssp. intermedia (Rydb.) Detling,newsvine.com
10.09.2019,Bassariscus astutus,Dryopteris campyloptera Clarkson,squidoo.com
26.12.2018,Orcinus orca,Atriplex corrugata S. Watson,epa.gov
16.04.2019,Dicrostonyx groenlandicus,Rubus signatus L.H. Bailey,ycombinator.com
11.10.2019,Pycnonotus nigricans,Harrisella Fawc. & Rendle,infoseek.co.jp
23.11.2018,Ceratotherium simum,Viola umbraticola Kunth var. glaberrima Becker,bigcartel.com
31.05.2019,Ara ararauna,Ibervillea tenuisecta (A. Gray) Small,who.int
04.05.2019,Plegadis falcinellus,Caralluma R. Br.,webmd.com
28.03.2019,Otocyon megalotis,Rhus copallinum L. var. copallinum,usatoday.com
26.01.2019,Crotalus adamanteus,Galium johnstonii Dempster & Stebbins,typepad.com
02.04.2019,Ciconia episcopus,Eryngium creticum Lam.,miibeian.gov.cn
24.04.2019,Felis silvestris lybica,Gyalidea Lettau ex Vezda,apache.org
05.06.2019,Neophoca cinerea,Mertensia macdougalii A. Heller,statcounter.com
26.06.2019,Lorythaixoides concolor,Papaver radicatum Rottb.,arstechnica.com
21.06.2019,Lamprotornis chalybaeus,Sedum lineare Thunb.,mozilla.com
28.11.2018,Chamaelo sp.,Astragalus pictiformis Barneby,epa.gov
05.05.2019,Macaca fuscata,Smelowskia calycina (Stephan ex Willd.) C.A. Mey. var. porsildii Drury & Rollins,hostgator.com
27.01.2019,Ovis canadensis,Vernonia angustifolia Michx. ssp. scaberrima (Nutt.) S.B. Jones & Faust,desdev.cn
17.12.2018,Platalea leucordia,Peperomia hernandiifolia (Vahl) A. Dietr.,unesco.org
03.11.2019,Neophoca cinerea,Potentilla macounii Rydb.,netscape.com
25.04.2019,Macaca mulatta,Clematis ligusticifolia Nutt. var. ligusticifolia,fema.gov
05.05.2019,Sula dactylatra,Streptanthus morrisonii F.W. Hoffm. ssp. elatus F.W. Hoffm.,thetimes.co.uk
22.12.2018,Cacatua tenuirostris,Ptychosperma Labill.,dagondesign.com
23.06.2019,Manouria emys,Veronica copelandii Eastw.,marketwatch.com
10.10.2019,Irania gutteralis,Pyrrocoma uniflora (Hook.) Greene var. uniflora,cyberchimps.com
10.07.2019,Cordylus giganteus,Synthyris reniformis (Douglas ex Benth.) Benth. var. reniformis,usgs.gov
06.05.2019,Cervus duvauceli,Noccaea fendleri (A. Gray) Holub ssp. californica (S. Watson) Al-Shehbaz & M. Koch,shop-pro.jp
01.07.2019,Libellula quadrimaculata,Lepidium arbuscula Hillebr.,blinklist.com
12.10.2019,Meles meles,Koeberlinia spinosa Zucc. var. spinosa,linkedin.com
14.11.2018,Larus fuliginosus,Senecio warnockii Shinners,aol.com
17.10.2019,Macropus rufogriseus,Caulostramina jaegeri (Rollins) Rollins,wikispaces.com
08.05.2019,Myotis lucifugus,Lecythis minor Jacq.,europa.eu
27.07.2019,Lepilemur rufescens,Arabis hoffmannii (Munz) Rollins,com.com
19.04.2019,Philetairus socius,Vetiveria zizanioides (L.) Nash,rakuten.co.jp
30.09.2019,Alligator mississippiensis,Aleurites moluccanus (L.) Willd.,bravesites.com
14.03.2019,Ploceus rubiginosus,Ferocactus wislizeni (Engelm.) Britton & Rose,blogtalkradio.com
09.10.2019,Vanellus chilensis,Pertusaria multipunctoides Dibben,privacy.gov.au
13.08.2019,Anathana ellioti,Cucurbita pepo L. var. pepo,marketwatch.com
25.11.2018,Mephitis mephitis,Ranunculus alismifolius Geyer ex Benth. var. davisii L.D. Benson,mail.ru
28.03.2019,Haematopus ater,Lasiacis ligulata Hitchc. & Chase,hc360.com
26.05.2019,Recurvirostra avosetta,Mentha ×villosa Huds. (pro sp.),columbia.edu
05.08.2019,Vulpes cinereoargenteus,Betula platyphylla Sukaczev var. platyphylla,reuters.com
17.06.2019,Columba livia,Lagunaria (DC.) Rchb.,ezinearticles.com
28.01.2019,Corvus brachyrhynchos,Hypotrachyna prolongata (Kurok.) Hale,archive.org
05.01.2019,Ratufa indica,"Gaga Pryer, F. W. Li & Windham",ft.com
02.10.2019,Dusicyon thous,Petunia ×atkinsiana D. Don ex Loudon,usatoday.com
20.10.2019,Alopex lagopus,Ziziphus mauritiana Lam.,furl.net
14.05.2019,Ctenophorus ornatus,Vernonia glauca (L.) Willd.,pbs.org
29.01.2019,Macropus giganteus,Bidens reptans (L.) G. Don var. urbanii (Greenm.) O.E. Schulz,barnesandnoble.com
09.11.2018,Stercorarius longicausus,Astragalus curtipes A. Gray,nifty.com
03.03.2019,Snycerus caffer,Pseudobraunia (Lesq. & James) Broth.,discovery.com
25.01.2019,Pseudoleistes virescens,Tsuga caroliniana Engelm.,google.com.au
19.07.2019,Tragelaphus strepsiceros,Verrucaria obnigrescens Nyl.,washingtonpost.com
30.04.2019,Dromaeus novaehollandiae,Rhexia mariana L. var. interior (Pennell) Kral & Bostick,free.fr
26.05.2019,Epicrates cenchria maurus,Chamaecrista flexuosa (L.) Greene var. texana (Buckley) Irwin & Barneby,cargocollective.com
26.03.2019,unavailable,Andropogon glaucopsis Elliott,wikimedia.org
16.04.2019,Cervus canadensis,Scleria ciliata Michx.,comsenz.com
09.02.2019,Lybius torquatus,Buxbaumia minakatae Okam.,economist.com
27.07.2019,Spermophilus lateralis,Paronychia chartacea Fernald ssp. chartacea,jalbum.net
26.05.2019,Ursus arctos,Lansium Corrêa,auda.org.au
01.09.2019,Macropus fuliginosus,Packera bolanderi (A. Gray) W.A. Weber & Á. Löve,dot.gov
10.11.2018,Procyon cancrivorus,Emorya Torr.,com.com
21.04.2019,Eurocephalus anguitimens,Trillium luteum (Muhl.) Harbison,studiopress.com
11.05.2019,Cacatua tenuirostris,Perityle bisetosa (Torr. ex A. Gray) Shinners var. scalaris A. Powell,weibo.com
16.06.2019,Oryx gazella callotis,Salix matsudana Koidzumi,opensource.org
27.07.2019,Oryx gazella callotis,Helianthus arizonensis R.C. Jacks.,amazon.com
19.02.2019,Paradoxurus hermaphroditus,Astragalus scaphoides (M.E. Jones) Rydb.,moonfruit.com
04.10.2019,Vulpes chama,Bryoxiphium Mitt.,economist.com
17.06.2019,Cereopsis novaehollandiae,Cordylanthus rigidus (Benth.) Jeps. ssp. brevibracteatus (A. Gray) Munz,google.ca
11.05.2019,Leptoptilos crumeniferus,Glandularia elegans (Kunth) Umber,nba.com
27.08.2019,Pytilia melba,Seligeria oelandica C.E.O. Jensen & Medel.,ft.com
21.03.2019,Elephas maximus bengalensis,Vernonia baldwinii Torr. ssp. baldwinii,woothemes.com
06.03.2019,Alcelaphus buselaphus cokii,Chrysothamnus viscidiflorus (Hook.) Nutt. ssp. puberulus (D.C. Eaton) H.M. Hall & Clem.,ebay.com
26.12.2018,Cacatua tenuirostris,Leochilus Kn. & Westc.,de.vu
04.02.2019,Ateles paniscus,Bryum Hedw.,cnet.com
13.06.2019,Ara ararauna,Hypericum androsaemum L.,123-reg.co.uk
20.12.2018,Bubulcus ibis,Iris giganticaerulea Small,flavors.me
02.08.2019,Helogale undulata,Vallisneria americana Michx.,gov.uk
26.06.2019,Eolophus roseicapillus,Cladrastis Raf.,engadget.com
11.09.2019,Oxybelis fulgidus,Salix ×dieckiana Suksd. (pro sp.),geocities.jp
17.09.2019,Amblyrhynchus cristatus,Sagittaria ambigua J.G. Sm.,whitehouse.gov
18.05.2019,Colobus guerza,Diplacus lompocensis McMinn,jugem.jp
18.09.2019,Stercorarius longicausus,Draba oreibata J.F. Macbr. & Payson ex Payson var. oreibata,eepurl.com
09.01.2019,Amazona sp.,Mansoa hymenacea (DC.) A.H. Gentry,webnode.com
18.12.2018,Platalea leucordia,Setaria grisebachii Fourn.,gizmodo.com
18.01.2019,Butorides striatus,Trachelospermum Lem.,shutterfly.com
24.10.2019,Columba livia,Hedeoma costata A. Gray var. costata,a8.net
29.01.2019,Cebus albifrons,Stephanomeria minor (Hook.) Nutt. var. uintaensis (Goodrich & S.L. Welsh) Kartesz,over-blog.com
21.11.2018,Terrapene carolina,Thismia Griffith,amazonaws.com
27.06.2019,Pytilia melba,Pertusaria velata (Turner) Nyl.,cisco.com
18.07.2019,Vulpes vulpes,Govenia Lindl.,exblog.jp
04.12.2018,Gerbillus sp.,Bryoria nitidula (Th. Fr.) Brodo & D. Hawksw.,yandex.ru
30.10.2019,Butorides striatus,Aster alpinus L.,mail.ru
28.03.2019,Oreotragus oreotragus,Rhododendron occidentale (Torr. & A. Gray) A. Gray var. paludosum Jeps.,google.pl
31.03.2019,Upupa epops,Heteropogon contortus (L.) P. Beauv. ex Roem. & Schult.,gizmodo.com
02.08.2019,Dasyprocta leporina,Physalis pumila Nutt.,flickr.com
25.01.2019,Ovis musimon,Phascum vlassovii Laz.,theatlantic.com
04.01.2019,Sula nebouxii,Allium vineale L.,creativecommons.org
21.02.2019,Marmota flaviventris,Cardamine californica (Nutt.) Greene var. cardiophylla (Greene) Rollins,constantcontact.com
13.07.2019,Orcinus orca,Labordia tinifolia A. Gray var. lanaiensis Sherff,bbb.org
30.09.2019,Toxostoma curvirostre,Agastache rupestris (Greene) Standl.,nbcnews.com
09.11.2018,Aegypius occipitalis,Echinacea paradoxa (J.B.S. Norton) Britton,so-net.ne.jp
22.03.2019,Sus scrofa,Agrostis gigantea Roth,economist.com
19.12.2018,Tayassu pecari,Lecanora populicola (DC.) Duby,de.vu
25.12.2018,Smithopsis crassicaudata,Phaseolus polymorphus S. Watson,google.com.hk
09.08.2019,Rhabdomys pumilio,Nassella trichotoma (Nees) Hack.,netlog.com
08.05.2019,Junonia genoveua,Gunnera kauaiensis Rock,gizmodo.com
02.03.2019,Colaptes campestroides,Polystichum acrostichoides (Michx.) Schott var. lonchitoides Brooks,reference.com
25.03.2019,Carduelis uropygialis,Schoenus nigricans L.,360.cn
13.03.2019,Mirounga angustirostris,Homomallium adnatum (Hedw.) Broth.,ustream.tv
16.05.2019,Castor fiber,Micropus L.,canalblog.com
24.06.2019,Funambulus pennati,Penstemon richardsonii Douglas ex Lindl. var. dentatus (D.D. Keck) Cronquist,aol.com
11.04.2019,Deroptyus accipitrinus,Hylocomium Schimp.,chron.com
09.02.2019,Ciconia ciconia,Quercus gravesii Sudw.,vimeo.com
20.02.2019,Delphinus delphis,Bromus sterilis L.,shareasale.com
24.08.2019,Coracias caudata,Grimmia trichophylla Grev.,unesco.org
24.04.2019,Mirounga angustirostris,Farnoldia micropsis (A. Massal.) Hertel,nytimes.com
09.11.2018,Cabassous sp.,Jacquemontia Choisy,si.edu
12.09.2019,Nucifraga columbiana,Trimezia Salisb. ex Herb.,ning.com
20.03.2019,Damaliscus lunatus,Shoshonea Evert & Constance,1und1.de
20.05.2019,Buteo jamaicensis,Mertensia ciliata (James ex Torr.) G. Don,example.com
16.05.2019,Notechis semmiannulatus,Pertusaria oculata (Dicks.) Th. Fr.,ebay.com
06.07.2019,Ceryle rudis,Anisacanthus linearis (Hagen) Henrickson & Lott,usnews.com
05.05.2019,Vicugna vicugna,Arabis rigidissima Rollins var. demota Rollins,imdb.com
08.12.2018,Coracias caudata,Sarracenia ×harperi C.R. Bell,chronoengine.com
25.11.2018,Uraeginthus bengalus,Chamaesyce missurica (Raf.) Shinners,samsung.com
05.05.2019,Anas platyrhynchos,Megaskepasma erythrochlamys Lindau,booking.com
31.10.2019,Sula dactylatra,Lomatium sandbergii (J.M. Coult. & Rose) J.M. Coult. & Rose,timesonline.co.uk
27.05.2019,Pavo cristatus,Sabatia bartramii Wilbur,adobe.com
09.12.2018,Spizaetus coronatus,Lithophragma parviflorum (Hook.) Nutt. ex Torr. & A. Gray var. parviflorum,google.com.hk
06.03.2019,Phalacrocorax brasilianus,Gleditsia triacanthos L.,t.co
12.11.2018,Tauraco porphyrelophus,Sedum kamtschaticum Fisch. & C.A. Mey.,123-reg.co.uk
04.08.2019,Chordeiles minor,Crepis runcinata (James) Torr. & A. Gray ssp. glauca (Nutt.) Babc. & Stebbins,marketwatch.com
07.08.2019,Felis concolor,Lonicera villosa (Michx.) Schult. var. calvescens (Fernald & Wiegand) Fernald,japanpost.jp
22.03.2019,Haliaetus vocifer,Lecidea ramulosa Th. Fr.,simplemachines.org
21.06.2019,Tayassu pecari,Paronychia lindheimeri Engelm. ex A. Gray var. longibracteata Chaudhri,feedburner.com
03.07.2019,Gazella thompsonii,Carex teneriformis Mack.,shareasale.com
21.11.2018,Felis silvestris lybica,Vicia montbretii Fisch. & C.A. Mey.,amazon.co.jp
10.09.2019,Tamandua tetradactyla,Rubus oklahomus L.H. Bailey,kickstarter.com
10.09.2019,Ceratotherium simum,Amaranthus lineatus R. Br.,bravesites.com
10.08.2019,Vulpes vulpes,Quercus ×pseudomargaretta Trel. (pro sp.),diigo.com
27.02.2019,Kobus defassa,Sclerocarpus uniserialis (Benth.) Hemsl. var. uniserialis,ask.com
14.08.2019,Phalacrocorax carbo,Smilax melastomifolia Sm.,digg.com
26.12.2018,Gymnorhina tibicen,Cordylanthus maritimus Nutt. ex Benth. ssp. canescens (A. Gray) T.I. Chuang & Heckard,friendfeed.com
22.10.2019,Tayassu tajacu,Retama Raf.,1und1.de
06.09.2019,Lasiorhinus latifrons,Ceanothus ×vanrensselaeri J.B. Roof,xrea.com
08.08.2019,Eudyptula minor,Mandragora autumnalis Bertol.,blinklist.com
27.07.2019,Ovis dalli stonei,Phlox pungens Dorn,gizmodo.com
04.07.2019,Drymarchon corias couperi,Lilaeopsis occidentalis J.M. Coult. & Rose,oakley.com
07.12.2018,Limnocorax flavirostra,Leptochloa chloridiformis (Hack.) Parodi,netvibes.com
17.10.2019,Petaurus norfolcensis,Nama xylopodum (Wooton & Standl.) C.L. Hitchc.,intel.com
27.04.2019,Axis axis,Juncus gerardii Loisel. var. gerardii,intel.com
14.02.2019,Axis axis,Beta trigyna Waldst. & Kit.,g.co
19.07.2019,Galictis vittata,Sisyrinchium fuscatum E.P. Bicknell,examiner.com
22.11.2018,Ictonyx striatus,Pilosocereus Byles & Rowley,nytimes.com
08.01.2019,Aonyx cinerea,Selenia jonesii Cory var. obovata Rollins,huffingtonpost.com
29.07.2019,Procyon cancrivorus,Monolopia major DC.,imgur.com
22.07.2019,Picoides pubescens,Lobelia anatina E. Wimm.,ftc.gov
27.02.2019,Corythornis cristata,Microsteris gracilis (Hook.) Greene var. gracilis,soundcloud.com
13.05.2019,Naja haje,Thlaspi L.,wisc.edu
05.11.2018,Eolophus roseicapillus,Salix rotundifolia Trautv. ssp. dodgeana (Rydb.) Argus,dailymail.co.uk
06.03.2019,Dusicyon thous,Lupinus suksdorfii B.L. Rob.,tiny.cc
21.06.2019,Columba livia,Blighia K.D. Koenig,columbia.edu
17.06.2019,Nasua nasua,Rubus lasiococcus A. Gray,redcross.org
23.01.2019,Geochelone elegans,Sairocarpus vexillocalyculatus (Kellogg) D.A. Sutton,last.fm
10.09.2019,Gyps bengalensis,Calamagrostis scopulorum M.E. Jones,tripadvisor.com
15.11.2018,Bucorvus leadbeateri,Camelina microcarpa Andrz. ex DC.,wufoo.com
04.01.2019,Eolophus roseicapillus,Eurhynchium pulchellum (Hedw.) Jenn.,cafepress.com
11.11.2018,Xerus sp.,Dracaena cinnabari Balf. f.,amazon.co.uk
02.10.2019,Alectura lathami,Isoetes ×hickeyi W.C. Taylor & N. Luebke,stumbleupon.com
21.02.2019,Tadorna tadorna,Caloplaca oregona H. Magn.,amazonaws.com
15.12.2018,Bison bison,Brazoria arenaria Lundell,myspace.com
25.04.2019,Connochaetus taurinus,Verbena ×clemensiorum Moldenke,wufoo.com
04.04.2019,Eolophus roseicapillus,Lecidella dimelaenophila Hertel,booking.com
04.04.2019,Melursus ursinus,Bromus inermis Leyss. ssp. pumpellianus (Scribn.) Wagnon var. arcticus (Shear ex Scribn. & Merr.) Wagnon,pinterest.com
12.07.2019,Carduelis pinus,Elymus albicans (Scribn. & J.G. Sm.) Á. Löve,whitehouse.gov
23.04.2019,Alectura lathami,Ditrichum heteromallum (Hedw.) E. Britton,w3.org
27.04.2019,Anas punctata,Clarkia gracilis (Piper) A. Nelson & J.F. Macbr. ssp. albicaulis (Jeps.) F.H. Lewis & M.E. Lewis,wp.com
03.01.2019,Tachybaptus ruficollis,Danthonia compressa Austin,bbc.co.uk
29.01.2019,Anthropoides paradisea,Peperomia blanda (Jacq.) Kunth var. floribunda (Miq.) H. Huber,hhs.gov
02.03.2019,Tachybaptus ruficollis,Psilocarphus brevissimus Nutt. var. multiflorus Cronquist,soundcloud.com
14.08.2019,Oryx gazella,Maianthemum F.H. Wigg.,marriott.com
15.11.2018,Ratufa indica,Acacia angustissima (Mill.) Kuntze var. shrevei (Britton & Rose) Isely,ibm.com
29.10.2019,Equus burchelli,Micarea tuberculata (Sommerf.) R. Anderson,princeton.edu
14.08.2019,Phalacrocorax carbo,Delphinium umbraculorum F.H. Lewis & Epling,topsy.com
27.07.2019,Erethizon dorsatum,Betula ×utahensis Britton (pro sp.),adobe.com
18.11.2018,Tachybaptus ruficollis,Aphanostephus skirrhobasis (DC.) Trel.,soundcloud.com
05.07.2019,Coluber constrictor,Argyrochosma (Sm.) Windham,furl.net
02.08.2019,Morelia spilotes variegata,Coccothrinax barbadensis (Lodd. ex Mart.) Becc.,independent.co.uk
14.08.2019,Ourebia ourebi,Gomphrena sonorae Torr.,phoca.cz
17.09.2019,Tayassu tajacu,Imperata Cirillo,com.com
15.07.2019,Ictalurus furcatus,Desmanthus covillei (Britton & Rose) Wiggins ex B.L. Turner,admin.ch
04.05.2019,Coluber constrictor,Carex ×trichina Fernald,vkontakte.ru
03.08.2019,Ctenophorus ornatus,Stevia serrata Cav.,360.cn
21.11.2018,Dasyurus viverrinus,Ranunculus turneri Greene,tuttocitta.it
04.08.2019,Bucorvus leadbeateri,Madia elegans D. Don ex Lindl. ssp. densifolia (Greene) D.D. Keck,wiley.com
21.01.2019,Anser caerulescens,Koelreuteria elegans (Seem.) A.C. Sm. ssp. formosana (Hayata) F.G. Mey.,twitpic.com
22.05.2019,Pytilia melba,Juniperus chinensis L. var. sargentii A. Henry,prlog.org
18.12.2018,Ceratotherium simum,Allocasuarina verticillata (Lam.) L.A.S. Johnson,t-online.de
29.01.2019,Ovis ammon,Lupinus meionanthus A. Gray,chron.com
23.09.2019,Gymnorhina tibicen,Ipomoea ochracea (Lindl.) G. Don,dion.ne.jp
11.04.2019,Corvus albus,Lecidea mannii Tuck.,dyndns.org
24.08.2019,Phascogale tapoatafa,Ruellia davisiorum Tharp & F.A. Barkley,google.es
27.12.2018,unavailable,Loxospora elatina (Ach.) A. Massal.,mail.ru
06.08.2019,Gerbillus sp.,Senna bauhinioides (A. Gray) Irwin & Barneby,apache.org
05.11.2018,Ephippiorhynchus mycteria,Hygroamblystegium tenax (Hedw.) Jenn. var. tenax,microsoft.com
12.02.2019,Junonia genoveua,Camellia reticulata Lindl.,netscape.com
23.11.2018,Damaliscus dorcas,Calycadenia mollis A. Gray,xing.com
05.02.2019,Corvus brachyrhynchos,Juniperus deppeana Steud.,indiegogo.com
05.05.2019,Gopherus agassizii,Philadelphus pubescens Loisel.,indiatimes.com
18.06.2019,Dasyurus viverrinus,Osmanthus americanus (L.) Benth. & Hook. f. ex A. Gray,pagesperso-orange.fr
28.05.2019,Dasypus novemcinctus,Amberboa (Pers.) Less.,shareasale.com
19.09.2019,Numida meleagris,Pentaglottis Tausch,google.pl
26.03.2019,Trichosurus vulpecula,Amorpha californica Nutt.,prlog.org
13.01.2019,Varanus sp.,Calliergon megalophyllum Mikut.,spotify.com
04.04.2019,Sagittarius serpentarius,Carex ×neobigelowii Lepage,answers.com
10.08.2019,Graspus graspus,Cuscuta indecora Choisy var. longisepala Yunck.,japanpost.jp
22.06.2019,Uraeginthus granatina,Cicuta virosa L.,epa.gov
29.11.2018,Panthera leo,Rinodina ascociscana Tuck.,tiny.cc
08.10.2019,Chordeiles minor,Tetramolopium humile (A. Gray) Hillebr. ssp. haleakalae Lowrey,zimbio.com
20.01.2019,Caiman crocodilus,Scutellaria pseudoserrata Epling,reference.com
28.07.2019,Chordeiles minor,Glandularia tenera (Spreng.) Cabrera,omniture.com
25.07.2019,Centrocercus urophasianus,Ribes hirtellum Michx.,apple.com
21.03.2019,Equus hemionus,Gonocarpus chinensis (Lour.) Orchard,berkeley.edu
10.05.2019,Odocoileus hemionus,Senna gaudichaudii (Hook. & Arn.) Irwin & Barneby,photobucket.com
17.07.2019,Trachyphonus vaillantii,Equisetum sylvaticum L.,spiegel.de
07.05.2019,Isoodon obesulus,Mitella L.,woothemes.com
19.01.2019,Cynictis penicillata,Paspalum molle Poir.,weebly.com
02.02.2019,Cacatua galerita,Schizachyrium sanguineum (Retz.) Alston var. sanguineum,guardian.co.uk
20.07.2019,Alectura lathami,Heterotheca sessiliflora (Nutt.) Shinners ssp. fastigiata (Greene) Semple var. fastigiata,twitter.com
24.01.2019,Cercatetus concinnus,Castilleja covilleana L.F. Hend.,stanford.edu
02.09.2019,Myrmecobius fasciatus,Cirsium virginense S.L. Welsh,tripadvisor.com
23.04.2019,Acridotheres tristis,Piper ornatum N.E. Br.,ocn.ne.jp
26.01.2019,Ursus arctos,Ardisia luquillensis (Britton) Alain,unicef.org
27.01.2019,Ephippiorhynchus mycteria,Lupinus polyphyllus Lindl. ssp. bernardinus (Abrams ex C.P. Sm.) Munz,gov.uk
04.10.2019,Ephippiorhynchus mycteria,Cryptotaenia canadensis (L.) DC.,is.gd
02.02.2019,Phalacrocorax varius,Cornutia grandiflora (Schltdl. & Cham.) Schauer,webmd.com
20.08.2019,Dipodomys deserti,Quercus incana W. Bartram,drupal.org
14.07.2019,Numida meleagris,Festuca viviparoidea Krajina ex Pavlick,1und1.de
20.12.2018,Vulpes cinereoargenteus,Papaver radicatum Rottb. ssp. polare Tolm.,examiner.com
27.01.2019,Epicrates cenchria maurus,Rubus perspicuus L.H. Bailey,census.gov
02.11.2019,Streptopelia decipiens,Calystegia sepium (L.) R. Br. ssp. limnophila (Greene) Brummitt,constantcontact.com
09.01.2019,Ovis ammon,Eucalyptus baxteri (Benth.) Maiden & Blakely ex J.M. Black,cisco.com
04.09.2019,Sciurus vulgaris,Umbilicaria torrefacta (Lightf.) Schrad.,mit.edu
19.12.2018,Iguana iguana,Hibiscus bifurcatus Cav.,ustream.tv
07.09.2019,Phoca vitulina,Cornutia L.,sitemeter.com
12.10.2019,Tadorna tadorna,Lecanactis abietina (Ach.) Körb.,admin.ch
06.09.2019,Meles meles,Iresine herbstii Hook.,mac.com
25.05.2019,Acridotheres tristis,Ribes curvatum Small,omniture.com
22.06.2019,Pteropus rufus,Eucalyptus alba Reinw. ex Blume,zimbio.com
11.07.2019,Otocyon megalotis,Fissidens sublimbatus Grout,npr.org
23.11.2018,Ursus maritimus,Euphorbia nephradenia Barneby,nytimes.com
14.02.2019,Pycnonotus nigricans,Posidonia K.D. Koenig,goo.ne.jp
18.10.2019,Marmota monax,Sarea Fr.,globo.com
31.12.2018,Ovibos moschatus,Lunania Hook.,dell.com
27.08.2019,Ephippiorhynchus mycteria,Ocotea Aubl.,zimbio.com
28.03.2019,Ardea cinerea,Inula salicina L.,amazon.co.jp
08.02.2019,Tapirus terrestris,Draba asterophora Payson var. asterophora,shareasale.com
29.03.2019,Loris tardigratus,Corispermum americanum (Nutt.) Nutt. var. americanum,upenn.edu
20.04.2019,unavailable,Myurella tenerrima (Brid.) Lindb.,e-recht24.de
22.08.2019,Taxidea taxus,Tecoma castanifolia (D. Don) Melchior,independent.co.uk
18.11.2018,Tachyglossus aculeatus,Osmorhiza Raf.,opera.com
09.12.2018,Tursiops truncatus,Saxegothaea conspicua Lindl.,is.gd
01.09.2019,Anathana ellioti,Eleusine tristachya Lam,technorati.com