FirstName,LastName,OfficeHoursBegin,OfficeHoursEnd,OfficeNumber,Email,Password
Chere,Absolon,12:28 PM,4:43 PM,114,cabsolon0@deviantart.com,Os5Ex5Go
Karil,Gerardet,10:40 AM,1:36 PM,517,kgerardet1@pcworld.com,JPYc8Vv5L
Reagan,Harburtson,8:55 AM,10:11 AM,274,rharburtson2@hatena.ne.jp,UcGXlfi8cWJ
Maryanna,Bilton,10:02 AM,2:46 PM,693,mbilton3@bizjournals.com,QN4ACZu8
Sunny,Seger,9:09 AM,4:07 PM,548,sseger4@boston.com,ChRsi1rrHBZF
Vaughn,Beardwell,2:12 PM,8:39 AM,528,vbeardwell5@nifty.com,OVy4VWbO1
Roslyn,Red,8:37 AM,1:42 PM,86,rred6@dot.gov,h6dq22o6
Erskine,Laven,3:11 PM,9:19 AM,457,elaven7@indiatimes.com,PY2iZFA
Leonid,Kingsnod,9:20 AM,12:25 PM,475,lkingsnod8@nature.com,UwPQwXyqn
Tedmund,Youtead,1:59 PM,4:03 PM,20,tyoutead9@answers.com,Qr0nYF7SK
Ogdon,Sibille,9:58 AM,3:49 PM,17,osibillea@bloglines.com,RR4kOV
Say,Hempel,4:31 PM,9:45 AM,341,shempelb@japanpost.jp,iWlCh8
Gan,Rotham,10:20 AM,1:27 PM,545,grothamc@adobe.com,e4TiAu
Gwyneth,Brunini,9:14 AM,2:13 PM,241,gbruninid@google.com,iJzmuUiniLD
Terry,Tumbelty,9:08 AM,11:38 AM,344,ttumbeltye@cnet.com,N04RRlj10f
Elbert,McCrostie,12:30 PM,3:30 PM,373,emccrostief@amazon.co.uk,N9mc0Eec8IF
Nara,Lapree,11:20 AM,8:49 AM,479,nlapreeg@marriott.com,7rmZELG
Dalia,O'Corr,11:39 AM,8:05 AM,502,docorrh@technorati.com,W0kS8jAhh
Edvard,Mardee,4:01 PM,4:57 PM,515,emardeei@chron.com,y3DoeRITA5Pc
Adda,Pinchon,10:09 AM,12:59 PM,322,apinchonj@sina.com.cn,mB3f9aOI
Gregg,Meugens,2:11 PM,3:36 PM,370,gmeugensk@w3.org,EVYuHc3tXsyW
Elly,Shorbrook,1:47 PM,3:22 PM,213,eshorbrookl@aboutads.info,6qqZugk4lqn
Flore,Comi,9:03 AM,9:38 AM,427,fcomim@topsy.com,5GZ7f5
Sydel,Ubsdale,2:34 PM,12:09 PM,141,subsdalen@ezinearticles.com,lSZQFz5QP
Ewen,Sexcey,11:53 AM,4:01 PM,74,esexceyo@1688.com,PH2x371
Adrianne,Baskwell,9:09 AM,9:27 AM,630,abaskwellp@sina.com.cn,pvOe6N
Octavius,Mulhall,1:56 PM,8:24 AM,32,omulhallq@vk.com,V5i6QA8
Celestyn,Stilgoe,9:13 AM,2:57 PM,177,cstilgoer@reuters.com,zvYI7wk
Hali,Orrin,11:34 AM,1:53 PM,310,horrins@usda.gov,zI1ck90ZW
Heloise,Matiashvili,4:58 PM,1:38 PM,437,hmatiashvilit@npr.org,ODaP6oI
Dennie,Tolomelli,4:35 PM,10:59 AM,590,dtolomelliu@taobao.com,b1H5vLS
Dasha,Brightey,12:05 PM,9:54 AM,76,dbrighteyv@liveinternet.ru,SJ5gpER
Dacia,Gentle,9:48 AM,2:10 PM,204,dgentlew@yelp.com,5U3Bfvk8ZP
Torin,Pellew,12:39 PM,8:45 AM,502,tpellewx@about.me,Qh1U9b0
Lilyan,Hargreves,4:55 PM,8:44 AM,651,lhargrevesy@comsenz.com,PMdurmQJXWwE
Katherina,A'field,4:35 PM,12:16 PM,608,kafieldz@foxnews.com,0Sh8g2
Joellyn,Loudian,11:30 AM,11:40 AM,139,jloudian10@slashdot.org,af89vruj
Beatrice,Linscott,3:20 PM,1:16 PM,611,blinscott11@dagondesign.com,aVLtcWG4jr
Osbert,Latliff,2:52 PM,2:18 PM,514,olatliff12@pen.io,R80JrDA
Orson,Latta,3:39 PM,11:19 AM,406,olatta13@alexa.com,F8Qz0v
Amye,Rudderham,12:56 PM,1:34 PM,520,arudderham14@alibaba.com,D0uoLsC1N0m
Christoforo,Coslett,8:50 AM,4:59 PM,621,ccoslett15@google.co.jp,nFBXdy9
Juan,Greenway,4:49 PM,10:12 AM,363,jgreenway16@businessinsider.com,IBGIorUd
Daphna,Blindermann,4:48 PM,4:11 PM,402,dblindermann17@comcast.net,YK8nUM
Ailene,Simpkins,9:12 AM,8:17 AM,517,asimpkins18@elegantthemes.com,ZbgY8TszrBM
Nicola,Bower,2:53 PM,1:48 PM,675,nbower19@behance.net,7q72GE
Madel,Helleker,2:41 PM,4:24 PM,157,mhelleker1a@mapquest.com,1z40c11hu
Alessandro,Ridolfo,9:56 AM,9:44 AM,530,aridolfo1b@go.com,73E3KLc23
Consuelo,Hackney,8:02 AM,8:11 AM,169,chackney1c@a8.net,VAIGfSzjkHUu
Shirley,Caldroni,3:28 PM,11:21 AM,537,scaldroni1d@networksolutions.com,DMC42zX6Hmg
Zena,Reisenberg,9:53 AM,12:23 PM,100,zreisenberg1e@mapquest.com,K1B4Dsq5hde
Lester,Fehner,1:19 PM,11:32 AM,331,lfehner1f@stumbleupon.com,hxUlPbtlL0
Allie,Lingfoot,10:02 AM,12:04 PM,133,alingfoot1g@infoseek.co.jp,Au8k3vlgw3k
Trenton,Tollow,4:17 PM,12:01 PM,126,ttollow1h@tinypic.com,OS0tpifMgrI
Calida,Vannikov,2:36 PM,10:17 AM,443,cvannikov1i@mac.com,DBBa9EsBVM
Worthy,Bysshe,12:38 PM,9:15 AM,598,wbysshe1j@usatoday.com,5lPhkAj9cg
Bernhard,Skedgell,1:42 PM,2:47 PM,658,bskedgell1k@qq.com,1mugaZOub5
Sylvia,Gaiter,10:45 AM,3:27 PM,222,sgaiter1l@blinklist.com,TxY5gcFVvbY
Analise,Doni,10:24 AM,1:05 PM,139,adoni1m@domainmarket.com,adIr6IqorA
Daron,Reyne,2:16 PM,12:35 PM,462,dreyne1n@latimes.com,g2KkfC3DXN
Rozanne,Vuitte,1:19 PM,8:26 AM,315,rvuitte1o@myspace.com,pLya1R29Mz
Nico,Dowty,12:24 PM,9:56 AM,580,ndowty1p@ted.com,nJ9w7J0nm7V
Patrica,La Rosa,8:15 AM,3:54 PM,375,plarosa1q@google.co.uk,uEeCeEIZyZ5
Jonah,Dyne,12:13 PM,2:02 PM,693,jdyne1r@narod.ru,u9aqTZ8ofwu
Samuele,Greenshields,11:41 AM,2:02 PM,438,sgreenshields1s@opensource.org,S8vUQ0
Leanora,Aberkirder,1:33 PM,2:23 PM,269,laberkirder1t@delicious.com,XQkFUkXX
Babs,Simmill,8:40 AM,2:35 PM,341,bsimmill1u@engadget.com,XcjOh6FV4rA
Lazar,McFie,10:51 AM,11:14 AM,106,lmcfie1v@auda.org.au,XS6P1QTB
Guinevere,Danilovich,12:51 PM,4:45 PM,525,gdanilovich1w@theguardian.com,t91rBB3oj
Rebecca,Zmitrichenko,11:46 AM,1:55 PM,500,rzmitrichenko1x@wiley.com,fxZtWAR
Merrel,Woodward,10:18 AM,11:27 AM,226,mwoodward1y@ameblo.jp,eF0Iyw35d
Kipp,Pedrozzi,3:27 PM,10:55 AM,152,kpedrozzi1z@wikia.com,r0mRlNhGKa
Riannon,Cozens,3:04 PM,3:04 PM,364,rcozens20@ehow.com,lSB8BzB
Fleurette,Winson,2:46 PM,12:21 PM,74,fwinson21@devhub.com,Jcz8w1h
Verena,Bachshell,3:30 PM,10:51 AM,454,vbachshell22@wordpress.org,7qooNYUYA
Wendye,Kermode,10:49 AM,10:32 AM,574,wkermode23@fc2.com,6tV3XSTiF8Yx
Amory,Boow,11:35 AM,3:07 PM,230,aboow24@etsy.com,VrEnUriCs
Kathe,Aleksandrikin,11:57 AM,10:34 AM,26,kaleksandrikin25@cbslocal.com,d6g566h
Korey,Gaylard,8:57 AM,3:07 PM,192,kgaylard26@google.co.uk,I2ASWkk
Marley,Norcliffe,1:06 PM,10:33 AM,349,mnorcliffe27@samsung.com,AkY21LMTpm
Matthiew,Jacobovitch,8:14 AM,2:35 PM,455,mjacobovitch28@biblegateway.com,qYWzBpOu
Garald,Connechy,1:09 PM,4:21 PM,5,gconnechy29@booking.com,Qo3tCDJLlso7
Werner,Linwood,8:52 AM,3:22 PM,584,wlinwood2a@php.net,SUMALt
Raynell,Brackpool,12:20 PM,2:35 PM,334,rbrackpool2b@plala.or.jp,iPLMU4V7h
Connie,Treasure,11:22 AM,8:00 AM,497,ctreasure2c@spiegel.de,25g6t2FeQxAB
Tailor,Copelli,10:04 AM,11:41 AM,178,tcopelli2d@uol.com.br,t47j9P1q3F
Milli,Cosgreave,2:29 PM,12:10 PM,190,mcosgreave2e@sitemeter.com,KCv55h
Gustave,Graddon,10:59 AM,3:34 PM,245,ggraddon2f@jigsy.com,BC1vaGd3zZkW
Neala,Ackenhead,3:43 PM,3:33 PM,482,nackenhead2g@cargocollective.com,6kVZAmCt
Tedd,Endrici,3:32 PM,9:25 AM,210,tendrici2h@cafepress.com,Joxjpyohi7B
Isabel,Lebbon,3:37 PM,3:56 PM,478,ilebbon2i@sbwire.com,9K9g4vl3e
Bonni,Honig,4:05 PM,3:53 PM,119,bhonig2j@plala.or.jp,9Ivk1l1
Cathlene,Dallin,12:35 PM,1:02 PM,247,cdallin2k@163.com,EGN4alm
Wallis,Leber,11:45 AM,1:47 PM,141,wleber2l@umn.edu,IYCakQ
Whittaker,Mattiussi,8:27 AM,4:31 PM,238,wmattiussi2m@marketwatch.com,3TkvZ1m98
Ganny,Jandac,11:13 AM,12:33 PM,372,gjandac2n@economist.com,PLUpNEc4EFG
Brana,Branwhite,11:43 AM,4:05 PM,85,bbranwhite2o@desdev.cn,F41PAprl
Portie,Corde,9:43 AM,11:02 AM,252,pcorde2p@netvibes.com,OC1Kka
Sascha,Jakoubek,3:47 PM,12:48 PM,596,sjakoubek2q@bbb.org,qmZNr0
Alica,Carlan,10:30 AM,12:14 PM,504,acarlan2r@privacy.gov.au,CLpbisTh6Odu
Gilberte,Aymes,11:48 AM,3:25 PM,227,gaymes2s@typepad.com,lkcQLwm
Tove,Impy,4:11 PM,10:09 AM,102,timpy2t@furl.net,LHrUlN0
Marty,Daspar,4:55 PM,11:30 AM,104,mdaspar2u@sina.com.cn,65CiVoYbCmF1
Lynett,Oiller,4:56 PM,1:31 PM,403,loiller2v@a8.net,K1h2Qm1gV
Glenna,Samwayes,9:53 AM,8:04 AM,63,gsamwayes2w@indiatimes.com,eyFdBVig4swn
Bearnard,Pohlke,8:10 AM,3:44 PM,544,bpohlke2x@latimes.com,q43bgqK
Pietrek,Ingilson,9:50 AM,3:19 PM,139,pingilson2y@typepad.com,qL6vmc9jh7VM
Bronson,Shelp,12:14 PM,9:14 AM,636,bshelp2z@addtoany.com,qCRv1P
Yehudit,Wooland,2:16 PM,4:50 PM,656,ywooland30@sourceforge.net,DTodvWe3RMg
Rhiamon,D'Ambrosio,12:33 PM,10:52 AM,504,rdambrosio31@google.fr,H3gsXK7
Patin,Chinn,12:13 PM,8:17 AM,389,pchinn32@weebly.com,9vEoUiM
Ilene,Haglington,9:26 AM,9:42 AM,494,ihaglington33@google.com.br,EmTarlGzwGh
Patsy,Bruhke,4:04 PM,3:05 PM,363,pbruhke34@e-recht24.de,PUSvCru9t
Ann-marie,Feckey,3:14 PM,2:34 PM,550,afeckey35@google.nl,bQH41F
Anne-corinne,Huke,8:20 AM,2:29 PM,16,ahuke36@domainmarket.com,clqTbqKX
Travis,Mendel,4:48 PM,8:02 AM,402,tmendel37@admin.ch,O8502BGZmIx
Bidget,Labin,1:05 PM,2:00 PM,504,blabin38@statcounter.com,kHz075vk
Shem,Gallen,3:56 PM,4:15 PM,380,sgallen39@reference.com,rdrwrg
Dannel,Morrall,10:42 AM,11:39 AM,377,dmorrall3a@bravesites.com,K9fQoBOGK
Joby,Storah,12:16 PM,8:40 AM,110,jstorah3b@prnewswire.com,NBiWHv9wGLDA
Gail,Jeafferson,8:14 AM,12:21 PM,699,gjeafferson3c@csmonitor.com,Dxa178Z
Riccardo,Kleinschmidt,4:34 PM,8:06 AM,566,rkleinschmidt3d@moonfruit.com,R9bozAxVCq
Ingmar,McGinney,1:39 PM,3:38 PM,165,imcginney3e@is.gd,oaHkU06
Jdavie,Clements,1:29 PM,9:43 AM,630,jclements3f@hibu.com,rYswjtpyRP
Hettie,Gaskell,8:48 AM,3:57 PM,257,hgaskell3g@psu.edu,LT4L4Qd4
Amii,Castagnet,4:33 PM,9:44 AM,469,acastagnet3h@comsenz.com,ySGJzMNZlRTl
Myrilla,Gallihawk,3:48 PM,12:04 PM,512,mgallihawk3i@discovery.com,5XjwUw
Angil,Friese,1:58 PM,3:11 PM,325,afriese3j@dropbox.com,Pa2rH1xJfb0
Vivien,Largen,2:20 PM,1:59 PM,442,vlargen3k@is.gd,WCQsB4A
Hyacinth,Symes,3:07 PM,1:52 PM,282,hsymes3l@blogger.com,kFLZ2CWcoaGu
Merrel,Harry,12:17 PM,1:39 PM,644,mharry3m@senate.gov,JxJGQJIIui
Leeann,Duxbury,3:11 PM,4:46 PM,83,lduxbury3n@altervista.org,fXgaGxg
Renate,Cowan,10:01 AM,11:59 AM,99,rcowan3o@1688.com,6cSV3T6zat6K
Nathanael,Ferandez,2:36 PM,10:52 AM,146,nferandez3p@yale.edu,kYa2XH
Scot,Trubshawe,1:25 PM,2:40 PM,622,strubshawe3q@google.it,tf3VDYZ
Conan,Boundy,4:59 PM,11:51 AM,116,cboundy3r@devhub.com,p7I3fsDPUs3
Darbee,Millett,10:48 AM,4:04 PM,398,dmillett3s@tamu.edu,IyWuId
Ethelind,Ragles,11:52 AM,1:54 PM,296,eragles3t@ebay.co.uk,P9n3z0CzS
Joelle,Kenryd,10:13 AM,1:17 PM,185,jkenryd3u@omniture.com,gcKb1jP3jj1
Nanni,Percy,12:08 PM,11:41 AM,210,npercy3v@imdb.com,8OSajtyfrU0T
Ailsun,Dominichetti,11:52 AM,2:51 PM,630,adominichetti3w@china.com.cn,YH5DHSc
Maren,Swadling,1:10 PM,11:47 AM,61,mswadling3x@yolasite.com,2f8vvvL53
Hewie,Caddan,3:24 PM,1:43 PM,597,hcaddan3y@cmu.edu,HOXDCNIyA3D
Celie,Crallan,11:45 AM,1:16 PM,7,ccrallan3z@nymag.com,sE0ZCQ9IYWe
Kylynn,Valler,4:02 PM,12:45 PM,580,kvaller40@mac.com,W8CKZfTI
Xenia,Hempel,1:47 PM,10:22 AM,339,xhempel41@addthis.com,nvN4LljTLc
Doloritas,Twentyman,2:17 PM,2:59 PM,510,dtwentyman42@fema.gov,xtEKOGXXi
Merrel,Yarham,10:27 AM,2:10 PM,69,myarham43@nifty.com,uqftOKlL4Ez
Harald,Cregan,2:28 PM,3:05 PM,655,hcregan44@taobao.com,iE5DOJfM
Zacherie,Mulliner,4:13 PM,4:49 PM,67,zmulliner45@harvard.edu,Fk3LRv6l4n
April,Benedetti,10:06 AM,9:12 AM,73,abenedetti46@vkontakte.ru,O4xM4PJk
Rudolf,Winspar,3:07 PM,2:51 PM,421,rwinspar47@umn.edu,6jkiJa83fZ
Etti,Sproul,1:22 PM,3:09 PM,479,esproul48@bloomberg.com,QtZMb4i
Morley,Habens,9:43 AM,11:14 AM,322,mhabens49@gizmodo.com,dUE99g
Sapphire,Peyto,12:12 PM,8:58 AM,212,speyto4a@reuters.com,RLDovZNV8
Amelina,Mugg,11:45 AM,4:38 PM,376,amugg4b@pcworld.com,vdzp1ynRFbc
Rhianon,Fawke,4:42 PM,4:30 PM,77,rfawke4c@digg.com,daXb0c
Abner,Instrell,11:02 AM,3:48 PM,637,ainstrell4d@github.io,8BA9UIIE2
Wald,Leddie,4:15 PM,11:11 AM,611,wleddie4e@bravesites.com,vfjIo7n
Cullen,Godman,8:07 AM,11:51 AM,15,cgodman4f@xrea.com,ikzVYgsgRA
Revkah,Piegrome,2:56 PM,2:42 PM,305,rpiegrome4g@virginia.edu,o7hfLq
Hortensia,Kinchley,4:20 PM,8:09 AM,647,hkinchley4h@imdb.com,e4me6dNopLr
Packston,O'Lochan,4:41 PM,3:03 PM,130,polochan4i@boston.com,CoTyPWpX
Twila,McCart,9:33 AM,9:45 AM,244,tmccart4j@ed.gov,VuM7M7
Yoshiko,Daugherty,3:09 PM,8:27 AM,54,ydaugherty4k@uol.com.br,dIbCsdhirLr
Mil,Fernier,4:16 PM,12:12 PM,382,mfernier4l@ehow.com,4oMSb0
Fransisco,Tinmouth,3:24 PM,1:47 PM,643,ftinmouth4m@wikipedia.org,byDvOaih2f
Fraze,Tommen,4:55 PM,12:23 PM,302,ftommen4n@examiner.com,iDkoe8rKbPC
Zelda,Nissle,1:33 PM,12:36 PM,506,znissle4o@census.gov,CKK8Mbuql83
Mala,Manshaw,1:40 PM,2:56 PM,92,mmanshaw4p@networksolutions.com,HFRUbOHtvx
Magdalen,Towriss,1:29 PM,12:29 PM,330,mtowriss4q@who.int,4XfzIH1ycb
Eugenio,Ginity,10:47 AM,2:05 PM,47,eginity4r@gravatar.com,YCI4WA3
Cortie,Bindin,3:43 PM,9:39 AM,599,cbindin4s@slate.com,Dc9YJjD
Rex,Matityahu,12:42 PM,10:45 AM,506,rmatityahu4t@domainmarket.com,llALLwmF
Evin,Cerith,4:30 PM,3:30 PM,606,ecerith4u@biblegateway.com,s8TbZ8yIxU1
Rakel,Hannaby,10:03 AM,2:24 PM,376,rhannaby4v@issuu.com,XJ4OGjJ
Laurel,Partington,8:52 AM,3:28 PM,427,lpartington4w@yelp.com,9CoTRiAyEY
Rodrigo,Arangy,8:11 AM,8:33 AM,384,rarangy4x@harvard.edu,yjWTUsO
Sibley,Sinclair,1:08 PM,10:18 AM,242,ssinclair4y@redcross.org,OnwSlmngHs
Stacy,Matt,1:02 PM,11:20 AM,406,smatt4z@domainmarket.com,7v2s664
Minni,Vasenin,3:32 PM,10:44 AM,78,mvasenin50@arstechnica.com,uVzFrWuPuK
Hale,Whife,11:23 AM,2:04 PM,632,hwhife51@squarespace.com,yg7CBKb8r
Annamaria,McKerrow,11:21 AM,2:04 PM,5,amckerrow52@hp.com,LszsjtbnUiV
Read,Stille,4:15 PM,11:19 AM,7,rstille53@free.fr,b28I2yw
Zachery,Donlon,9:29 AM,1:38 PM,87,zdonlon54@bloglovin.com,yAhUGw
Phyllys,Greswell,8:32 AM,2:00 PM,8,pgreswell55@jalbum.net,yw0d1aeSDkS
Andrew,Heigold,2:58 PM,8:25 AM,262,aheigold56@godaddy.com,yj4UvBr3ES
Daniela,Ginnally,2:33 PM,11:08 AM,245,dginnally57@soup.io,b9LRfAkTEARD
Theodosia,Linklet,4:56 PM,11:07 AM,163,tlinklet58@twitter.com,mThJSkXDBW
Donovan,Lowton,1:28 PM,3:50 PM,619,dlowton59@mtv.com,X2bmRJHimn
Gerty,Tutt,12:30 PM,8:29 AM,219,gtutt5a@bizjournals.com,QDt9yRCwfCv0
Anabal,Kobes,10:48 AM,11:21 AM,478,akobes5b@engadget.com,gglK3GyX8
Elijah,Hassey,9:09 AM,4:02 PM,206,ehassey5c@cnbc.com,YDUmEN5zAE
Menard,Landis,9:30 AM,10:28 AM,343,mlandis5d@imgur.com,o0xhhin
Pru,Firminger,9:55 AM,9:46 AM,587,pfirminger5e@washington.edu,YsQ4m2o025zX
D'arcy,Brandon,11:21 AM,8:41 AM,111,dbrandon5f@vinaora.com,jRTXbm
Margalit,Fellgett,1:13 PM,8:32 AM,129,mfellgett5g@meetup.com,sn8DnZ9Z9vBx
Kylie,Ison,4:31 PM,9:48 AM,183,kison5h@yellowbook.com,6hoNHACuANW
Christoforo,Dyshart,8:35 AM,12:54 PM,262,cdyshart5i@pen.io,Ynr9h1ncKWR
Charlene,Ingon,9:48 AM,8:59 AM,517,cingon5j@blogtalkradio.com,j2qq9uyOr6wQ
Burl,Audrey,4:54 PM,8:44 AM,457,baudrey5k@abc.net.au,LoHhtzGYd
Berget,Tofanini,9:28 AM,2:11 PM,453,btofanini5l@yolasite.com,0qmj3PSR
Saundra,Liveley,2:10 PM,12:26 PM,679,sliveley5m@technorati.com,rjlwPKxiRv
Carmencita,Natwick,3:04 PM,4:48 PM,420,cnatwick5n@ehow.com,1lWI3isNiOKz
Benoite,Lyptrade,10:19 AM,9:26 AM,196,blyptrade5o@ow.ly,cwmDxbWxn
Hamnet,Tiffin,12:32 PM,12:03 PM,24,htiffin5p@utexas.edu,pyJMS5gg4Do
Broderick,Cockshtt,4:05 PM,3:56 PM,322,bcockshtt5q@mapquest.com,owfBBEj
Rodolph,Piggrem,9:27 AM,1:26 PM,698,rpiggrem5r@ucla.edu,GgV3oq8cKD6b
Eleen,Tuft,1:06 PM,4:51 PM,697,etuft5s@over-blog.com,GxhrSLjMRK2B
Stefa,Mounce,4:59 PM,1:59 PM,54,smounce5t@theatlantic.com,5Mckoq
Felicio,Elcoate,11:47 AM,3:54 PM,323,felcoate5u@tiny.cc,LKjCgo8NhKG
Tani,Terzza,8:26 AM,10:01 AM,470,tterzza5v@springer.com,JAMOdDBY
Filberte,Jantot,10:01 AM,2:11 PM,22,fjantot5w@dell.com,Vw4IflBXCw97
Nico,McKitterick,4:46 PM,10:05 AM,519,nmckitterick5x@gmpg.org,h59ur03Z
Brietta,Lopez,2:54 PM,10:42 AM,651,blopez5y@sciencedaily.com,ARL0ugznka2
Dall,Ulster,1:09 PM,11:37 AM,588,dulster5z@wufoo.com,sjy0kNrz5k
Frasquito,Mattioni,4:44 PM,9:54 AM,567,fmattioni60@unblog.fr,KBNYiqFG
Dunn,Cockren,3:06 PM,2:45 PM,426,dcockren61@imgur.com,wt2WyGG9qYPE
Deloris,Tink,8:16 AM,2:18 PM,431,dtink62@4shared.com,GZbCJXCTosr7
Lacy,Bearblock,9:36 AM,8:23 AM,578,lbearblock63@nsw.gov.au,PCx9pUb3
Barney,Panons,8:28 AM,12:06 PM,155,bpanons64@sciencedaily.com,Uf3U4H
Jocelyn,Baxandall,9:17 AM,2:58 PM,224,jbaxandall65@hostgator.com,DPv8bcK
Bronson,Delaprelle,11:55 AM,12:29 PM,227,bdelaprelle66@cdc.gov,8fwNzcfCSE
Row,Wadlow,3:45 PM,11:07 AM,172,rwadlow67@adobe.com,dSFamoH5LAL
Dru,Tooher,4:26 PM,2:11 PM,298,dtooher68@msu.edu,s8xnWj2
Georg,Mabley,1:31 PM,12:56 PM,509,gmabley69@hatena.ne.jp,NPXVkA
Tera,Paulsen,3:52 PM,2:16 PM,656,tpaulsen6a@csmonitor.com,0S9VZMIAFq
Clea,Neller,3:39 PM,2:23 PM,499,cneller6b@va.gov,8MhEEGka9x
Coral,O'Currane,11:15 AM,3:05 PM,289,cocurrane6c@cmu.edu,CIheB6
Ethan,Bowman,12:06 PM,9:34 AM,84,ebowman6d@jiathis.com,GTqVtlzujnW
Darcy,Crank,3:23 PM,4:29 PM,432,dcrank6e@noaa.gov,M3NCwsf6Zz
Donnie,Richen,2:50 PM,2:02 PM,326,drichen6f@miibeian.gov.cn,wLeWPllDA
Cass,Downton,11:49 AM,1:34 PM,660,cdownton6g@wordpress.com,ZsW0jRiJ
Danyelle,Bute,9:21 AM,1:44 PM,493,dbute6h@chron.com,Q0rRgPB2ifv
Jessee,Buney,11:21 AM,12:18 PM,667,jbuney6i@ovh.net,03zo0lVW7BoE
Corey,Olennikov,12:29 PM,12:13 PM,357,colennikov6j@va.gov,ANpdhkp
Sylvester,Antill,3:22 PM,2:59 PM,526,santill6k@forbes.com,T0hpAwc1C
Lorilyn,Yurukhin,10:10 AM,1:52 PM,202,lyurukhin6l@ucoz.com,EhnGwVP8
Cristen,Scrowby,11:46 AM,10:26 AM,30,cscrowby6m@wsj.com,vggEfWBP
Glori,Reede,2:46 PM,9:28 AM,134,greede6n@nih.gov,F2GN4Teba
Barron,Nunnery,11:36 AM,8:16 AM,185,bnunnery6o@canalblog.com,KRXRnoUKb
Joellen,Cowlam,10:18 AM,8:27 AM,133,jcowlam6p@netscape.com,YM7yRkgN9Pe
Lyndy,Leith-Harvey,1:17 PM,12:37 PM,439,lleithharvey6q@unicef.org,JkedLat5q2u
Arne,Brayshay,9:32 AM,4:08 PM,529,abrayshay6r@mozilla.com,xrELtGD
Alexina,Threader,3:31 PM,12:21 PM,260,athreader6s@hexun.com,bp1qITsQp3
Garreth,Lynds,10:17 AM,8:56 AM,27,glynds6t@cargocollective.com,2PZNGu
Armin,Hamnet,11:00 AM,10:51 AM,237,ahamnet6u@mail.ru,4WASMjRA
Gracia,Joselevitch,3:12 PM,4:52 PM,189,gjoselevitch6v@biblegateway.com,UR1JLLAETi3M
Casper,Penwright,9:14 AM,1:01 PM,263,cpenwright6w@reddit.com,liSdRnB
Susannah,Hinners,4:32 PM,1:08 PM,131,shinners6x@bigcartel.com,hfIvw14
Benson,Aujouanet,10:07 AM,2:56 PM,282,baujouanet6y@rambler.ru,UvJOz7MoaCz
Killy,Rampling,8:41 AM,4:15 PM,698,krampling6z@tinyurl.com,ZAPH5S1d
August,Brixey,10:18 AM,9:22 AM,385,abrixey70@networkadvertising.org,nG9gceI9YA8W
Vanya,Bignell,11:26 AM,1:27 PM,182,vbignell71@desdev.cn,W0lNONePzc2
Dodie,Staniland,12:44 PM,2:48 PM,263,dstaniland72@google.co.uk,JRJUCvyrHKF
Godard,Langdridge,11:13 AM,10:06 AM,259,glangdridge73@examiner.com,Od1YitLk
Melonie,Kellen,9:59 AM,11:48 AM,198,mkellen74@sciencedirect.com,ctB8txKv
Emalee,Haggie,2:47 PM,10:14 AM,346,ehaggie75@newsvine.com,mtW7Qk6oZg
Wang,Petruska,8:04 AM,12:16 PM,483,wpetruska76@census.gov,TqQJrc
Verge,Malbon,3:57 PM,12:53 PM,258,vmalbon77@blog.com,AKA36va2Rr8
Jaquelyn,Chiese,8:44 AM,3:41 PM,411,jchiese78@tumblr.com,VsFXzto
Fredra,Healy,4:41 PM,11:29 AM,369,fhealy79@amazon.com,7l5FBFpf5SWX
Khalil,Sainsberry,3:43 PM,10:42 AM,196,ksainsberry7a@alexa.com,ZatJNsMXvO
Lucie,Taillard,11:35 AM,12:24 PM,504,ltaillard7b@china.com.cn,y3KKUVUla
Nickey,Oganesian,9:50 AM,12:11 PM,347,noganesian7c@de.vu,826n1TAnwyVr
Anderea,Gettings,9:29 AM,3:03 PM,146,agettings7d@europa.eu,sqtpj9W
Nesta,Brennenstuhl,3:22 PM,12:07 PM,406,nbrennenstuhl7e@elegantthemes.com,iKwTol3
Luciana,Gwillim,2:09 PM,12:51 PM,135,lgwillim7f@prlog.org,t507DiFmE6l
Ester,Paoletti,3:51 PM,12:28 PM,68,epaoletti7g@mediafire.com,UZEhfv1E
Kym,Bicknell,11:37 AM,11:18 AM,75,kbicknell7h@cam.ac.uk,Wap5bqxlPDM
Fianna,Chandlar,9:33 AM,9:20 AM,84,fchandlar7i@php.net,q73ZfxF
Pattie,Leall,10:36 AM,2:17 PM,294,pleall7j@globo.com,B3LpfWRD
Juliana,Wakeford,12:45 PM,12:56 PM,215,jwakeford7k@sphinn.com,0bGfADD2BUl
Arney,Hillitt,10:01 AM,11:55 AM,332,ahillitt7l@google.it,kE1ymMAhxDS5
Sherie,Woolatt,10:51 AM,12:34 PM,339,swoolatt7m@dedecms.com,RtRV3nzQ63e
Aggi,Bumphrey,9:52 AM,12:44 PM,650,abumphrey7n@spotify.com,yK9N66FiYUi
Nanice,Browell,12:38 PM,1:18 PM,483,nbrowell7o@techcrunch.com,Pve94V2nuXHi
Currey,Lavallie,8:33 AM,11:05 AM,347,clavallie7p@dot.gov,5SfL7s
Gray,Iacovino,2:37 PM,2:32 PM,607,giacovino7q@imageshack.us,44vpzIuT1
Constancy,Gayter,9:27 AM,11:53 AM,263,cgayter7r@oaic.gov.au,5VlUo7NB7
Tad,Campkin,12:26 PM,1:01 PM,644,tcampkin7s@chron.com,s798Zl0
Smith,Fishly,3:03 PM,8:08 AM,580,sfishly7t@seesaa.net,dI487AIF
Kellsie,Buttfield,11:50 AM,8:39 AM,150,kbuttfield7u@independent.co.uk,f4jtIX381
Cleon,Baston,12:18 PM,12:39 PM,578,cbaston7v@weather.com,MfxmhUGpJ
Delcine,Moyne,11:38 AM,10:06 AM,152,dmoyne7w@nifty.com,NTiMQpYAKtfN
Emily,Benet,1:16 PM,9:59 AM,329,ebenet7x@lulu.com,1Q0hOTH5
Darsey,Elsworth,1:19 PM,8:23 AM,378,delsworth7y@geocities.com,8U83P5oH
Manfred,Vakhonin,4:58 PM,4:14 PM,590,mvakhonin7z@abc.net.au,ZYtOO9UBt0
Alanna,Shaylor,3:40 PM,4:52 PM,438,ashaylor80@who.int,moLDLu2cI2J
Hyman,McMennum,11:02 AM,12:30 PM,398,hmcmennum81@github.io,8Hqtdn
Bogart,Skerratt,10:11 AM,12:11 PM,269,bskerratt82@newyorker.com,5jfE2DETGu3
Ardyce,Work,1:46 PM,3:40 PM,422,awork83@imdb.com,g9F9erdC
Alexina,McLaughlan,8:52 AM,12:57 PM,156,amclaughlan84@squarespace.com,7owIa3YamSK
Cortney,Boland,3:39 PM,8:52 AM,228,cboland85@msu.edu,9S7XtLTA
Noreen,McFayden,3:20 PM,4:51 PM,223,nmcfayden86@weibo.com,zmUAUy6zvmw
Eloise,Toulmin,9:43 AM,1:15 PM,205,etoulmin87@yale.edu,M2734V
Nicola,Drayton,12:17 PM,11:16 AM,427,ndrayton88@domainmarket.com,EnTp7InI3FX1
Claus,Feria,1:37 PM,1:32 PM,474,cferia89@symantec.com,25s1DLkTX6
Jorrie,Moyne,3:52 PM,12:33 PM,602,jmoyne8a@parallels.com,vzxIoQB
Happy,Donisi,8:49 AM,12:19 PM,669,hdonisi8b@dyndns.org,H6PzyJaYru
Stacy,Union,11:13 AM,11:18 AM,154,sunion8c@vimeo.com,FqxLtzDI
Aili,Sheircliffe,8:28 AM,12:01 PM,181,asheircliffe8d@theguardian.com,djvh3lEZbw5f
Penelopa,Gounin,8:56 AM,9:37 AM,86,pgounin8e@noaa.gov,HHv1EiZAzilK
Lonnard,O'Cleary,9:19 AM,8:26 AM,681,locleary8f@ihg.com,XPpBjve
Tiphani,Conibeer,4:09 PM,1:56 PM,233,tconibeer8g@themeforest.net,WZjSR2UAl
Wendie,Ruckert,1:29 PM,9:42 AM,363,wruckert8h@upenn.edu,yDaPJO9KMx
Teodorico,Slaght,8:18 AM,1:35 PM,689,tslaght8i@youku.com,SrSLIEa8z9PN
Alix,Houndson,8:28 AM,4:00 PM,660,ahoundson8j@hugedomains.com,8dkbUU0Xp2
Augusta,Cruce,10:31 AM,12:08 PM,316,acruce8k@usnews.com,DQZb1l
Gerri,Soame,11:41 AM,11:23 AM,208,gsoame8l@google.fr,1xIMdTDf
Kearney,Lindsey,11:48 AM,11:17 AM,220,klindsey8m@icq.com,94RtgeUKXO
Gil,Dalzell,2:36 PM,11:03 AM,449,gdalzell8n@cbsnews.com,JfumvjJ
Nora,Georgeau,8:34 AM,10:22 AM,191,ngeorgeau8o@unicef.org,dq4cVkL
Nevins,Frontczak,11:29 AM,2:33 PM,243,nfrontczak8p@hatena.ne.jp,cGhWT6oz
Gwendolen,Yewdall,11:46 AM,10:28 AM,63,gyewdall8q@java.com,3FP5M1N
Mil,Fiorentino,10:16 AM,10:27 AM,219,mfiorentino8r@canalblog.com,8JSR2BXL9
Hanna,Neumann,4:22 PM,1:46 PM,469,hneumann8s@oaic.gov.au,sLJRY1
Carolina,Buck,1:47 PM,12:10 PM,607,cbuck8t@woothemes.com,N1mdbl7r8X
Ralph,Kaley,12:48 PM,4:21 PM,556,rkaley8u@drupal.org,UYjkUahVCQ
Courtnay,Sanpher,3:46 PM,1:59 PM,506,csanpher8v@earthlink.net,a7XyOV
Alane,Rhydderch,8:35 AM,11:54 AM,696,arhydderch8w@tinypic.com,TkVFkJf4KR
Aubree,Duffit,12:22 PM,2:54 PM,62,aduffit8x@cbc.ca,PPKVGtNqSQ
Edyth,Rosenkranc,10:47 AM,2:35 PM,691,erosenkranc8y@mapy.cz,tdndI5Yhtsvo
Erny,Fetherstan,11:36 AM,2:23 PM,97,efetherstan8z@opensource.org,i00ZDVLBO
Joanna,Heathcoat,9:58 AM,1:06 PM,244,jheathcoat90@surveymonkey.com,OxxOznl
Maxy,Cattlow,12:58 PM,2:23 PM,370,mcattlow91@blogtalkradio.com,oJtjC9Lg4J
Keslie,Jados,1:23 PM,10:04 AM,693,kjados92@acquirethisname.com,APWOsO
Olwen,Kupke,10:03 AM,8:27 AM,45,okupke93@tamu.edu,aEisnjUPwhlP
Pascal,Hare,9:30 AM,4:29 PM,488,phare94@sogou.com,Yj24U9l4q
Roselin,Calverd,11:53 AM,12:09 PM,57,rcalverd95@unesco.org,bssDvQD
Cosetta,Espinal,4:11 PM,10:52 AM,147,cespinal96@devhub.com,yf8WrbiprWRv
Corbin,Axcel,8:09 AM,12:53 PM,349,caxcel97@comcast.net,SEy4W3nWPkMQ
Birch,Morcomb,11:11 AM,8:01 AM,201,bmorcomb98@npr.org,cGi4yZa
Melissa,Fair,2:43 PM,4:40 PM,497,mfair99@census.gov,00kYmcLSc7
Carilyn,Matiewe,11:05 AM,9:39 AM,606,cmatiewe9a@kickstarter.com,JdnP47
Royall,Maharey,3:19 PM,2:07 PM,215,rmaharey9b@typepad.com,k2JIOs4h7WT
Tabitha,Metschke,3:04 PM,4:58 PM,213,tmetschke9c@ycombinator.com,b6B1ah
Marilyn,Roxbrough,11:43 AM,10:45 AM,374,mroxbrough9d@buzzfeed.com,8Nil35yhhkmV
Mufi,Collumbell,3:24 PM,9:26 AM,146,mcollumbell9e@ca.gov,FMsVc2WIePY
Debra,Atack,11:56 AM,3:33 PM,455,datack9f@icq.com,mVRWy0LGSE
Wildon,McCullogh,8:07 AM,11:28 AM,286,wmccullogh9g@netvibes.com,B1dJr2
Heinrik,Daw,9:29 AM,12:42 PM,492,hdaw9h@ebay.co.uk,MEftga
Krissie,De Hooch,1:41 PM,8:45 AM,502,kdehooch9i@si.edu,m9ZnJA94of
Devland,Chesterton,8:09 AM,9:46 AM,80,dchesterton9j@house.gov,uxOigqR
Conrad,Walshe,11:35 AM,3:01 PM,419,cwalshe9k@irs.gov,s4kywG
Timothee,Tytterton,12:55 PM,10:55 AM,560,ttytterton9l@thetimes.co.uk,wcBVbSwL
Rudyard,Lacasa,10:13 AM,8:06 AM,269,rlacasa9m@networksolutions.com,CfjNOTR01
Charla,Vobes,9:24 AM,8:13 AM,581,cvobes9n@arstechnica.com,d0l7UWTkdd2
Lucas,Ledstone,8:46 AM,8:01 AM,528,lledstone9o@bizjournals.com,6EyAh56w
Gilemette,Gebbe,1:37 PM,11:55 AM,317,ggebbe9p@gmpg.org,PaLXpvId5
Davie,Povall,1:49 PM,3:57 PM,12,dpovall9q@hud.gov,V3gebuk9b
Harwell,Castelot,8:33 AM,9:35 AM,28,hcastelot9r@wsj.com,I7VFERUy4Et
Maximilien,Tocknell,8:49 AM,4:43 PM,2,mtocknell9s@ezinearticles.com,pn2eDxJBeW
Avivah,Dominichetti,1:01 PM,10:54 AM,352,adominichetti9t@wikia.com,FOzDfQ
Halsy,Dmisek,8:50 AM,8:39 AM,525,hdmisek9u@merriam-webster.com,j5vWnKhgTar
Hamlin,Blum,2:01 PM,3:29 PM,161,hblum9v@gov.uk,pnrohVmZ5VSv
Estella,Prothero,8:22 AM,12:05 PM,16,eprothero9w@mac.com,Oxz3iO
Kent,Westwell,3:57 PM,3:22 PM,395,kwestwell9x@theguardian.com,jOclpE8F
Clywd,Kensington,3:58 PM,8:56 AM,48,ckensington9y@hexun.com,6RLaX9K
Jodie,Cussins,3:33 PM,10:31 AM,372,jcussins9z@reuters.com,JVa6ddS
Marlon,Behn,11:03 AM,8:05 AM,219,mbehna0@tamu.edu,CinadSW0yWo
Auria,Feifer,12:20 PM,1:44 PM,124,afeifera1@un.org,Ty6mY77
Othilia,Skoate,1:23 PM,10:23 AM,461,oskoatea2@state.tx.us,7yieQX4Fk8r
Chandra,Camsey,1:29 PM,10:04 AM,292,ccamseya3@spiegel.de,ULtPCK7LrC79
Teodora,Issitt,3:41 PM,2:26 PM,698,tissitta4@apache.org,gPYZ5Xqyb
Winny,Laville,8:12 AM,8:12 AM,651,wlavillea5@sitemeter.com,mThr36a7t7X
Selene,Francesconi,9:24 AM,4:25 PM,216,sfrancesconia6@baidu.com,bVkQ78oMLkGO
Allister,Battelle,2:40 PM,8:04 AM,322,abattellea7@businessweek.com,7xaw5tuoa
Antoni,Gillman,4:34 PM,11:27 AM,83,agillmana8@hexun.com,03dCcTOQLTT
Lincoln,Hymas,10:11 AM,9:29 AM,251,lhymasa9@marketwatch.com,71mbmRPZsjvb
Christabella,Stratford,10:52 AM,4:21 PM,76,cstratfordaa@ustream.tv,FzVdjrnrzb9
Sherwood,Try,8:05 AM,8:36 AM,438,stryab@constantcontact.com,66p2OWp9Btn
Lyndy,Di Carli,2:48 PM,12:18 PM,270,ldicarliac@cnet.com,xSPO8N
Tomasina,Benninck,3:57 PM,12:02 PM,588,tbenninckad@360.cn,cgtgtIfFapaW
Garfield,Peacocke,1:18 PM,9:57 AM,514,gpeacockeae@photobucket.com,8NsGY7wfxG4j
Aguste,Kenan,1:48 PM,4:21 PM,509,akenanaf@tmall.com,oJU4DW
Tasia,Farnall,8:23 AM,2:43 PM,67,tfarnallag@ed.gov,wFn0ChqCPZFd
Orella,Kasting,12:32 PM,12:19 PM,216,okastingah@epa.gov,Vy9ugeXb
Candie,Corradi,1:36 PM,4:09 PM,632,ccorradiai@infoseek.co.jp,GWXZcIGbjSV
Shep,Southeran,8:39 AM,9:53 AM,359,ssoutheranaj@theglobeandmail.com,krDlhvlBTtQv
Gardy,Arkill,3:39 PM,4:07 PM,503,garkillak@biblegateway.com,pgMhF7BB
Dorette,Taplin,1:36 PM,9:02 AM,177,dtaplinal@topsy.com,FEwns5
Colette,Lazer,11:16 AM,4:36 PM,17,clazeram@opensource.org,54N07YgFS4lB
Amalia,Duran,12:12 PM,2:46 PM,254,aduranan@geocities.jp,ZgL2aRw2
Joanna,Gregr,9:19 AM,3:18 PM,659,jgregrao@nbcnews.com,EhzYT3hQmVnt
Rochester,Rickword,11:40 AM,11:43 AM,564,rrickwordap@economist.com,rUCHuL2
Malcolm,Skpsey,4:12 PM,10:21 AM,304,mskpseyaq@51.la,Bw8wTDWvlQi
Keenan,Hufton,11:57 AM,10:35 AM,563,khuftonar@google.pl,87PHQRJ6
Helyn,Holgan,9:41 AM,3:54 PM,32,hholganas@yahoo.com,8ynzQsdOI
Clerissa,Mico,12:25 PM,12:06 PM,685,cmicoat@smugmug.com,2qK3B1Gb
Eirena,Couth,8:19 AM,10:15 AM,324,ecouthau@washington.edu,f6Hx87qkQutM
Cherye,Rainforth,11:11 AM,9:39 AM,339,crainforthav@lulu.com,Jjow2n2In86w
Sheilakathryn,Adderley,3:11 PM,10:31 AM,265,sadderleyaw@ibm.com,PjN16lb
Hollyanne,Poulton,1:05 PM,12:43 PM,175,hpoultonax@miibeian.gov.cn,gL7QUKPIldv1
Nathalia,Stratford,2:55 PM,4:08 PM,423,nstratforday@arstechnica.com,KpypYax5a
Kermit,Kubelka,9:19 AM,9:04 AM,18,kkubelkaaz@deviantart.com,y6awPb
Brunhilde,Harrowsmith,1:30 PM,2:38 PM,324,bharrowsmithb0@spotify.com,SvcC6QQP
Elyse,Genny,9:06 AM,2:27 PM,413,egennyb1@answers.com,pBwS4JDV
Sheffield,Twentyman,4:19 PM,1:21 PM,468,stwentymanb2@technorati.com,j3XTuJK
Denni,Torrans,11:56 AM,9:35 AM,50,dtorransb3@technorati.com,UbvqFZ
Kearney,Barszczewski,12:26 PM,12:16 PM,652,kbarszczewskib4@google.de,tKDuRgUj
Mufinella,Lillegard,2:39 PM,4:45 PM,527,mlillegardb5@skype.com,IVTQW5Rzk
Tasha,Myford,10:12 AM,2:46 PM,681,tmyfordb6@blogger.com,sZQVpVTd4
Colver,Quartly,8:51 AM,8:38 AM,624,cquartlyb7@wsj.com,7XurcdLc2
Bobine,Beernaert,4:18 PM,9:01 AM,119,bbeernaertb8@parallels.com,QkoanR0W
Maribeth,Gard,9:46 AM,1:04 PM,181,mgardb9@reverbnation.com,7FhXsWiQf
Madel,Dennick,2:29 PM,11:06 AM,81,mdennickba@un.org,7O4fGK46lo3b
Hadleigh,Anmore,3:55 PM,8:12 AM,7,hanmorebb@ifeng.com,NYLBi8j
Carlin,Erangey,9:19 AM,4:21 PM,596,cerangeybc@cam.ac.uk,fNlaEdXRv4o
Arne,Caris,4:41 PM,9:08 AM,641,acarisbd@imageshack.us,JPAXjQeTI7rZ
Lucinda,Restieaux,12:24 PM,8:11 AM,378,lrestieauxbe@opera.com,QhJ4VYNWL4pX
Nico,Kabsch,1:01 PM,1:36 PM,187,nkabschbf@archive.org,uBBojs
Anatollo,Kiebes,12:18 PM,3:58 PM,504,akiebesbg@about.me,FzSFk2u
Uta,Matas,9:55 AM,9:34 AM,479,umatasbh@google.pl,2gymFXdLhOZ
Ara,Stenton,2:03 PM,3:42 PM,513,astentonbi@china.com.cn,ooczv3nGcr8
Feliks,Ingarfill,3:34 PM,9:07 AM,47,fingarfillbj@t-online.de,yrAXtUmT0
Hurlee,Delph,11:32 AM,4:43 PM,166,hdelphbk@illinois.edu,HQFCFuF
Errol,Leads,12:15 PM,8:05 AM,303,eleadsbl@pen.io,diGfRxGu
Simone,Shelton,2:29 PM,4:11 PM,13,ssheltonbm@ovh.net,oDa0Z9ZdSL
Traci,Croce,1:31 PM,9:45 AM,255,tcrocebn@shinystat.com,mdqHCm3
Karlotta,Innott,11:33 AM,10:25 AM,401,kinnottbo@va.gov,jogjn6T
Benn,Pateman,2:13 PM,8:48 AM,470,bpatemanbp@amazon.com,euPd5ww
Robinett,Emmet,4:19 PM,8:11 AM,190,remmetbq@163.com,FPm8yCJMRal
Arlen,GiacobbiniJacob,12:29 PM,11:23 AM,696,agiacobbinijacobbr@homestead.com,OkhVxF
Talyah,Graveston,4:06 PM,12:03 PM,29,tgravestonbs@dot.gov,QqmrAK
Dorella,Bruckental,2:53 PM,1:12 PM,324,dbruckentalbt@deliciousdays.com,V5qsw7V
Armand,Galer,10:16 AM,12:15 PM,668,agalerbu@pbs.org,Tp0Chwo3q
Theresina,Oluwatoyin,4:56 PM,1:39 PM,658,toluwatoyinbv@ibm.com,rF91GZ
Jerry,Hambling,9:43 AM,3:59 PM,385,jhamblingbw@shinystat.com,6WHEIGoI32
Ann,Roos,2:23 PM,8:05 AM,634,aroosbx@samsung.com,BLpYjB10iM1E
Page,Hutchings,10:59 AM,12:35 PM,316,phutchingsby@ovh.net,DA4Wg8pmLE
Cristen,Wyldbore,9:34 AM,8:11 AM,343,cwyldborebz@sitemeter.com,j0yVjXRc5
Brandie,Cornehl,3:13 PM,11:51 AM,118,bcornehlc0@alexa.com,uN2HLa8ep
Neron,Jilliss,4:28 PM,3:52 PM,398,njillissc1@cnn.com,yYnWmBv
Rafaellle,Goalby,12:54 PM,4:38 PM,527,rgoalbyc2@mlb.com,eC8VgpoYE0
Casi,Lundbech,3:41 PM,12:41 PM,450,clundbechc3@mtv.com,QrrODr61FTF
Connor,O'Dowling,9:23 AM,1:31 PM,484,codowlingc4@shareasale.com,qwvFXp
Cara,Hasty,12:16 PM,4:37 PM,333,chastyc5@miitbeian.gov.cn,Jd53F2hcbi
Trina,Meaton,11:24 AM,12:59 PM,10,tmeatonc6@webnode.com,unGXwXsf
Melamie,Longley,3:49 PM,10:21 AM,199,mlongleyc7@sina.com.cn,ETI3cZLD9I4T
Murry,Jouanot,10:57 AM,1:24 PM,91,mjouanotc8@sakura.ne.jp,nvZAK4cU1Yp
Elianora,Bougourd,4:46 PM,9:23 AM,147,ebougourdc9@51.la,KiD52k
Alanna,Emeline,3:35 PM,3:28 PM,14,aemelineca@barnesandnoble.com,7DpQQypnUbb
Barris,Crix,4:48 PM,2:33 PM,308,bcrixcb@dailymail.co.uk,ydvxtN
Tawnya,Praten,1:46 PM,4:02 PM,178,tpratencc@reverbnation.com,CcP3dL
Mort,Ree,8:56 AM,4:17 PM,517,mreecd@angelfire.com,MBwhVeArlh
Engelbert,Gossage,12:39 PM,4:23 PM,236,egossagece@hugedomains.com,9hVBEw
Allianora,Barthropp,2:57 PM,4:44 PM,450,abarthroppcf@oracle.com,eN71JE13
Fraser,Danniel,9:06 AM,11:13 AM,16,fdannielcg@hp.com,5Jm8Ek7V
Brook,Sappson,12:00 PM,1:17 PM,84,bsappsonch@google.pl,IiXo0JWD
Liuka,Wolters,12:13 PM,4:52 PM,97,lwoltersci@mashable.com,fLJFXq4BLec
Claudie,Holtum,12:33 PM,3:29 PM,134,choltumcj@abc.net.au,uuPUV6CRys
Marge,Penton,3:33 PM,2:30 PM,273,mpentonck@mysql.com,chqtMQhh
Brice,Prozillo,4:32 PM,11:51 AM,104,bprozillocl@huffingtonpost.com,4bKjFNTs
Rolph,Orpyne,3:40 PM,2:37 PM,646,rorpynecm@goo.gl,v82Sda
Syd,Evered,10:03 AM,8:26 AM,374,severedcn@hugedomains.com,pNx3xi
Jessamyn,Cumbes,3:40 PM,2:06 PM,589,jcumbesco@naver.com,tfxsSPS0
Alva,Weeds,12:23 PM,8:00 AM,36,aweedscp@prweb.com,lTahFbj3c
Jordana,Procter,9:11 AM,11:14 AM,574,jproctercq@mysql.com,6QTxcX
Sheff,Compson,1:28 PM,8:50 AM,481,scompsoncr@constantcontact.com,5Q4BVI7vbed
Amil,Geratasch,3:54 PM,1:37 PM,245,agerataschcs@archive.org,3b3LvBVJH87m
Meagan,O'Corr,8:05 AM,9:18 AM,247,mocorrct@seesaa.net,G8BqAg
Chris,Asbury,12:39 PM,8:35 AM,619,casburycu@guardian.co.uk,5mVXw2
Elvin,McAllaster,2:08 PM,3:24 PM,282,emcallastercv@google.com,IJjE7C
Orion,Kunkler,10:58 AM,12:07 PM,226,okunklercw@pcworld.com,F0wI3h4
Gaven,Whitewood,2:48 PM,4:10 PM,684,gwhitewoodcx@cargocollective.com,seuGu1Lkf
Martina,Hardingham,3:42 PM,9:41 AM,451,mhardinghamcy@vk.com,4xFeE85JBy1O
Dela,Paffitt,1:42 PM,1:59 PM,366,dpaffittcz@jiathis.com,BWl5h3C2D
Enrico,Pitfield,10:22 AM,12:17 PM,638,epitfieldd0@joomla.org,zwKvG49uFPY
Carlie,Sant,11:58 AM,3:06 PM,558,csantd1@mashable.com,6dLkcEPO3n
Odey,Jenking,4:28 PM,8:03 AM,230,ojenkingd2@nba.com,J28hlgYShU
Perri,Jory,11:38 AM,10:21 AM,700,pjoryd3@amazonaws.com,e56f43mNy
Stella,Brandon,4:54 PM,2:12 PM,264,sbrandond4@europa.eu,BnfM0N
Ave,Hales,12:05 PM,2:57 PM,161,ahalesd5@wunderground.com,rJZDyaVsUGnr
Stella,Hanselman,1:23 PM,1:42 PM,392,shanselmand6@opera.com,mheofEQGJ
Yvonne,Bauckham,12:43 PM,11:12 AM,583,ybauckhamd7@homestead.com,nnsEfRZt583D
Levi,Feaver,4:54 PM,1:30 PM,495,lfeaverd8@xing.com,PjDj2dX0
Terese,Gulk,1:55 PM,10:22 AM,466,tgulkd9@utexas.edu,HkptjwQ8dV0
Marji,Trythall,10:08 AM,4:22 PM,375,mtrythallda@scribd.com,T5JTuf6hOmG
Candie,McKeevers,4:07 PM,9:54 AM,622,cmckeeversdb@zimbio.com,SF14LGbgS
Tandy,Martinyuk,10:59 AM,8:08 AM,37,tmartinyukdc@howstuffworks.com,8v3dbY
Cindy,McCurtin,3:27 PM,8:30 AM,685,cmccurtindd@reverbnation.com,xKxBHC3TM
Chiquita,Le Strange,4:39 PM,8:33 AM,434,clestrangede@networksolutions.com,qN1L59R28
Annabela,Addington,3:05 PM,11:54 AM,577,aaddingtondf@blogspot.com,eefkoxAmpVP
Adena,Renvoise,4:26 PM,10:22 AM,240,arenvoisedg@smugmug.com,2bMPKAirnUT
Abigail,Whistlecroft,1:55 PM,11:41 AM,29,awhistlecroftdh@apache.org,pbFjCRHvWqn
Shanta,Connachan,8:55 AM,1:37 PM,10,sconnachandi@sbwire.com,xCJKNwOj
Karissa,Skuce,1:21 PM,2:21 PM,592,kskucedj@stanford.edu,XWqV3g
Phillis,Castagnier,10:58 AM,10:55 AM,301,pcastagnierdk@addtoany.com,2Z2vMRibOKBx
Elonore,Alpin,9:16 AM,8:58 AM,378,ealpindl@discuz.net,8m6ZJCThFz
Kynthia,Bugge,12:33 PM,10:51 AM,97,kbuggedm@github.com,1c3f2j9njAp
Waylin,Dorber,10:01 AM,11:22 AM,165,wdorberdn@state.gov,WgNCrU7
Ossie,Vallance,3:18 PM,9:41 AM,166,ovallancedo@ox.ac.uk,w0l7iztJ
Elinor,Shave,10:57 AM,10:35 AM,459,eshavedp@va.gov,ii3S1UC
Rhetta,Rouchy,3:14 PM,1:06 PM,39,rrouchydq@pcworld.com,P9GSjU
Deny,Zolini,12:51 PM,9:20 AM,679,dzolinidr@wunderground.com,LzWdnO
Chrissie,Jans,8:31 AM,11:27 AM,223,cjansds@kickstarter.com,kJIFX1r
Terrye,Filoniere,10:49 AM,11:31 AM,348,tfilonieredt@sina.com.cn,jXYo9j4SEmAC
Emmit,Bodman,10:34 AM,11:15 AM,566,ebodmandu@nps.gov,HrXEnUqzesxj
Georgina,Riddel,12:03 PM,9:34 AM,56,griddeldv@chron.com,n1deF00WWET
Sabra,Geator,12:52 PM,2:28 PM,200,sgeatordw@dmoz.org,MZlQx3
Delainey,Whitehead,1:58 PM,10:34 AM,134,dwhiteheaddx@reverbnation.com,xmd62CHl4
Titos,Houlahan,10:13 AM,4:24 PM,322,thoulahandy@indiegogo.com,75O9bs0puq
Junina,Cantero,3:59 PM,2:39 PM,23,jcanterodz@gov.uk,5WwnHqd3
Davon,O'Brogan,12:05 PM,9:43 AM,531,dobrogane0@cargocollective.com,d89Szrb
Montague,Wortman,3:47 PM,12:37 PM,282,mwortmane1@marketwatch.com,5yRDz4
Crissy,Weagener,10:31 AM,4:47 PM,589,cweagenere2@omniture.com,7vtLIsHp3bin
Mendie,Tiuit,3:32 PM,12:53 PM,195,mtiuite3@virginia.edu,QHcXXPsEqv
Hinze,Dorrins,11:29 AM,4:22 PM,486,hdorrinse4@oakley.com,FHbisloR3aJ
Kennie,Rustedge,1:57 PM,10:37 AM,454,krustedgee5@state.gov,UcJr8f
Cleve,Elflain,12:15 PM,10:41 AM,114,celflaine6@census.gov,fIqA6OE
Rafaela,Ghidetti,2:06 PM,9:04 AM,242,rghidettie7@dedecms.com,GSgVajq2J
Nanci,Matchett,2:55 PM,10:59 AM,160,nmatchette8@cdbaby.com,zMDblIb1O8T
Alvera,Scotts,9:58 AM,9:36 AM,474,ascottse9@wikispaces.com,mXUbATnlC
Joanie,Nehlsen,12:56 PM,10:34 AM,528,jnehlsenea@sun.com,Ajcub47
Aleen,Berryann,10:48 AM,8:36 AM,232,aberryanneb@hexun.com,U77JaGjq
Morrie,Bremond,9:45 AM,1:52 PM,352,mbremondec@plala.or.jp,dZsiStSmjuBI
Florry,Phillcock,11:11 AM,1:25 PM,480,fphillcocked@spiegel.de,WNvSBUZgVe27
Vikki,Tatterton,1:51 PM,3:54 PM,610,vtattertonee@hp.com,Ypv2b6cZu8
Ken,Imloch,1:23 PM,8:40 AM,542,kimlochef@wiley.com,ejM1d1O
Avril,Basile,9:37 AM,4:21 PM,261,abasileeg@yahoo.com,mMh8thcUVoM5
Tate,Karlsson,1:12 PM,10:01 AM,559,tkarlssoneh@constantcontact.com,SZu4nG
Laura,Oylett,8:30 AM,9:04 AM,400,loylettei@cloudflare.com,MWOVVdD
Ardine,Sollett,12:58 PM,8:56 AM,111,asollettej@ameblo.jp,X1Sj5l
Henderson,Morville,4:02 PM,9:59 AM,504,hmorvilleek@usda.gov,9H8lQVn
Helen,Astles,9:39 AM,11:30 AM,265,hastlesel@tumblr.com,Z381yFzHYg0A
Alisha,Sneddon,12:41 PM,10:23 AM,289,asneddonem@jimdo.com,BbZmCf
Stacia,Campany,10:17 AM,9:43 AM,362,scampanyen@msu.edu,Y4wA7ke
Merrile,Really,2:01 PM,4:18 PM,469,mreallyeo@usa.gov,cqw01S7ASv4
Dannie,Collinwood,10:23 AM,9:08 AM,152,dcollinwoodep@networkadvertising.org,iis13A5
Jacquenetta,Tym,11:01 AM,3:18 PM,504,jtymeq@dropbox.com,qxBNYLumdh7
Marj,Kornousek,10:30 AM,1:27 PM,346,mkornouseker@godaddy.com,Q7IgIRtLfKi
Davey,Radcliffe,11:55 AM,11:31 AM,15,dradcliffees@live.com,aCLZbmg
Bruce,Paff,9:05 AM,4:38 PM,41,bpaffet@alibaba.com,58hNza3
Marilee,Duer,4:37 PM,4:10 PM,524,mduereu@psu.edu,5LRL0S
Evangelin,Scarsbrooke,10:39 AM,2:13 PM,592,escarsbrookeev@google.com,X1DsD6RS
Rhody,Larkby,4:58 PM,9:03 AM,661,rlarkbyew@sciencedirect.com,gWft2F
Benito,Quinn,9:56 AM,11:08 AM,119,bquinnex@walmart.com,8ukAJx4N
Yorke,Couronne,12:02 PM,10:20 AM,230,ycouronneey@bluehost.com,FRnLWfkM9
Frederic,Pelham,1:57 PM,8:01 AM,104,fpelhamez@plala.or.jp,YD3jkYRA9VLq
Otis,Rizzotto,2:23 PM,2:43 PM,505,orizzottof0@infoseek.co.jp,7D0sS7Zm
Nickey,Haddon,8:25 AM,2:28 PM,327,nhaddonf1@telegraph.co.uk,EH5pFSP26n
Nicola,Champerlen,3:54 PM,3:40 PM,175,nchamperlenf2@google.co.uk,PhTHgtSj
Leonhard,Ciani,12:22 PM,10:54 AM,271,lcianif3@gravatar.com,RWl1P7x
Gardie,Pauler,4:34 PM,12:05 PM,389,gpaulerf4@multiply.com,YKc8UPGF0Wb0
Ruddie,Ragot,11:31 AM,12:52 PM,15,rragotf5@yahoo.co.jp,t8Z9JVW
Lissy,Huncoot,2:05 PM,10:15 AM,157,lhuncootf6@bloomberg.com,lX9G0M
Celestyna,Capey,1:08 PM,10:12 AM,592,ccapeyf7@wp.com,h1JmrF2YXT3J
Louisa,Orpyne,9:45 AM,9:16 AM,484,lorpynef8@yellowpages.com,E7r2a5MeV
Brooke,Gini,3:31 PM,8:50 AM,151,bginif9@elpais.com,eF2G4etd7
Diannne,Andreaccio,4:32 PM,1:11 PM,293,dandreacciofa@hugedomains.com,QRtu1UnyQl
Patience,Seviour,12:31 PM,10:35 AM,71,pseviourfb@tripod.com,vRU9KU
Haven,Gauvin,11:45 AM,8:10 AM,622,hgauvinfc@chronoengine.com,LrLBEdXkI
Gerome,Duffett,10:30 AM,8:30 AM,499,gduffettfd@youku.com,C1hDowqOVW
Kip,Rostern,11:09 AM,8:14 AM,181,krosternfe@myspace.com,NHsNRGQ
Griswold,Speariett,3:54 PM,9:43 AM,160,gspeariettff@xinhuanet.com,PDeH79Z6
Mollie,Alstead,8:26 AM,1:00 PM,650,malsteadfg@china.com.cn,aNObZHOLcJ
Emile,Yakubovics,8:05 AM,1:45 PM,115,eyakubovicsfh@cornell.edu,fNMAwmdL
Bank,Dollman,4:53 PM,2:18 PM,373,bdollmanfi@imgur.com,g2BvK5Vzp
Willie,Raeside,1:18 PM,1:18 PM,332,wraesidefj@woothemes.com,COAs0W45
Roderic,Nicolls,2:09 PM,10:22 AM,100,rnicollsfk@slashdot.org,CNf17pTx7ECN
Murial,Brounfield,4:30 PM,12:54 PM,394,mbrounfieldfl@examiner.com,MYW2w5K5jVG
Janine,Olivelli,2:31 PM,4:32 PM,475,jolivellifm@wp.com,52QzdzmREZcs
Matt,Reinbeck,8:08 AM,3:12 PM,700,mreinbeckfn@eventbrite.com,W73orXTjnKEd
Armstrong,Rowcliffe,1:49 PM,1:56 PM,81,arowcliffefo@dropbox.com,0OHytsu5uay
Helyn,MacCarrane,1:22 PM,3:28 PM,212,hmaccarranefp@eepurl.com,knv2akT
Sinclair,Sember,2:00 PM,11:24 AM,679,ssemberfq@un.org,CHQmlyw8
Jude,Wherrett,9:40 AM,10:48 AM,550,jwherrettfr@webeden.co.uk,5Rwf6bZY
Murry,Spurdens,3:49 PM,2:53 PM,499,mspurdensfs@bbb.org,0lyKOcp8hxu
Manon,Rubinowitch,4:02 PM,8:51 AM,634,mrubinowitchft@reddit.com,GKIXU1
Lemuel,Martusov,11:53 AM,1:04 PM,360,lmartusovfu@intel.com,5GDtEMvQoD
Eudora,Shalloe,2:03 PM,1:31 PM,579,eshalloefv@zdnet.com,LvATThCmYO
Catrina,Leathlay,9:05 AM,10:47 AM,530,cleathlayfw@yandex.ru,mye5cuTGB
Rosco,McWhirter,2:07 PM,9:04 AM,398,rmcwhirterfx@gnu.org,sz79xqkW
Dex,Theobold,3:49 PM,12:37 PM,310,dtheoboldfy@msn.com,lkmm0TVW
Leora,Bittlestone,11:29 AM,8:21 AM,645,lbittlestonefz@webeden.co.uk,nruBETHE
Rivy,Keilty,2:11 PM,3:22 PM,109,rkeiltyg0@wufoo.com,0Qnp5N109
Franciskus,Truss,8:13 AM,1:50 PM,301,ftrussg1@joomla.org,zvg04ZD9Zf
Horatio,Adkins,10:26 AM,10:15 AM,662,hadkinsg2@ca.gov,e8WLdmxm
Clark,O'Corhane,1:42 PM,3:21 PM,179,cocorhaneg3@fda.gov,ka99fKlAb
Gusta,Edwicker,11:09 AM,1:22 PM,343,gedwickerg4@hc360.com,7uQuVjTb2Qjq
Tiertza,Ranstead,3:06 PM,1:09 PM,67,transteadg5@sfgate.com,nl1nm3
Benji,Petruska,11:42 AM,8:37 AM,251,bpetruskag6@who.int,ZltHyN
Sancho,Gregorin,1:13 PM,4:47 PM,63,sgregoring7@nydailynews.com,DFCjywq1LM
Sylvan,Baum,4:30 PM,1:17 PM,374,sbaumg8@bandcamp.com,pIWE8eoC4w
Wyn,Kiddy,1:50 PM,12:21 PM,155,wkiddyg9@businessweek.com,fIaCHwov
Mercedes,Oty,2:35 PM,8:18 AM,430,motyga@macromedia.com,poaFmF
Wait,Pedden,4:29 PM,4:16 PM,351,wpeddengb@netlog.com,jna2xm
Arnoldo,Crampsy,3:36 PM,4:03 PM,23,acrampsygc@over-blog.com,QYfWobDZlu
Adiana,Guillain,2:46 PM,4:52 PM,688,aguillaingd@soup.io,YZw7M2Jrx6
Corri,Nilles,4:57 PM,8:56 AM,244,cnillesge@rambler.ru,Ylv88oWeOn
Nicko,Elger,4:35 PM,8:47 AM,581,nelgergf@alexa.com,aqQ7DOj
Helga,Paoli,11:34 AM,8:15 AM,322,hpaoligg@cisco.com,MRAaj8
Hermy,Yancey,4:54 PM,3:05 PM,128,hyanceygh@skyrock.com,w8oxJy
Ferd,Gippes,3:14 PM,12:00 PM,38,fgippesgi@wix.com,aDErsnw6KZ
Hardy,Duffett,2:58 PM,3:35 PM,273,hduffettgj@flavors.me,VNQrbL
Lawrence,Paule,2:53 PM,3:19 PM,414,lpaulegk@icq.com,4ULB00AXd
Karena,O' Molan,2:20 PM,11:30 AM,308,komolangl@icio.us,McbHpxCctCUN
Petunia,Grzeskowski,12:47 PM,10:16 AM,697,pgrzeskowskigm@discuz.net,tuEQWiXY
Perry,Cleyburn,10:21 AM,9:17 AM,600,pcleyburngn@auda.org.au,HxrmWDwlB5
Reagan,Provost,8:10 AM,12:56 PM,409,rprovostgo@creativecommons.org,7NH6RD5YewYg
Tod,Rankling,1:05 PM,12:41 PM,135,tranklinggp@hostgator.com,PUF8wF6aBwxz
Cirstoforo,Medgwick,3:28 PM,9:17 AM,298,cmedgwickgq@linkedin.com,AiBVKLaPK9r
Nancee,Fulloway,3:51 PM,11:09 AM,336,nfullowaygr@macromedia.com,ogsrGahygD
Kenny,Worham,10:30 AM,12:14 PM,462,kworhamgs@dagondesign.com,T4A0E7AbVQ5v
Jilleen,Amner,1:11 PM,12:55 PM,83,jamnergt@eventbrite.com,5vXOAcuZh
Ab,Fernely,11:03 AM,12:46 PM,297,afernelygu@tumblr.com,6xAVFscM5
Myrlene,Herity,8:31 AM,3:37 PM,207,mheritygv@csmonitor.com,h2IjuixHp
Gunner,Basek,2:27 PM,2:45 PM,89,gbasekgw@bbc.co.uk,OAKV3XV
Pearla,Joyson,3:08 PM,1:59 PM,102,pjoysongx@ezinearticles.com,8s6rIiQm
Nerta,Bundey,4:09 PM,10:40 AM,28,nbundeygy@last.fm,cwfir51TnOle
Galvan,Mashro,1:00 PM,4:01 PM,642,gmashrogz@delicious.com,DnuNlPLU
Merilee,Pauler,11:18 AM,2:11 PM,320,mpaulerh0@sitemeter.com,g8s26aj
Lilli,Harbottle,1:27 PM,12:29 PM,675,lharbottleh1@issuu.com,Eg2iCU
Keenan,Learoyd,11:39 AM,4:08 PM,491,klearoydh2@arstechnica.com,CxJn5J2A
Rorke,Middlemist,11:46 AM,8:35 AM,432,rmiddlemisth3@pagesperso-orange.fr,1bBkoeHFzTAh
Ranee,Marcq,8:41 AM,8:49 AM,317,rmarcqh4@spotify.com,3vZ3N33
Betta,Thurnham,12:50 PM,8:00 AM,35,bthurnhamh5@marriott.com,4tAaMu2YBVq
Ignacius,Semble,8:20 AM,4:25 PM,135,isembleh6@unc.edu,hAudeUKyW
Roddy,Othick,9:59 AM,1:52 PM,516,rothickh7@furl.net,sZyUCVRBS3
Eddi,Molohan,9:55 AM,4:38 PM,450,emolohanh8@gmpg.org,W4OXs0X
Kat,Hoggan,1:40 PM,1:45 PM,123,khogganh9@t-online.de,0UN5LCw
Ade,Weinmann,10:48 AM,1:12 PM,265,aweinmannha@usda.gov,9RgeBEqH
Bar,Beavington,2:48 PM,2:55 PM,405,bbeavingtonhb@theglobeandmail.com,FoCWbL
Kathye,Gierth,12:51 PM,4:39 PM,229,kgierthhc@freewebs.com,VArqs2ObRe
Krissie,Stubbes,10:24 AM,8:22 AM,617,kstubbeshd@1688.com,bJvJnL1
Bunni,Barzen,4:15 PM,4:24 PM,417,bbarzenhe@un.org,9Yhg69
Osbert,MacKim,9:13 AM,1:13 PM,546,omackimhf@tripod.com,K8vx9g
Melodee,Villaret,3:36 PM,11:06 AM,607,mvillarethg@purevolume.com,sFVkVqX6
Allister,Tench,10:47 AM,4:52 PM,504,atenchhh@google.it,EdaKiNfxImoc
Kippy,Quigley,4:38 PM,10:34 AM,540,kquigleyhi@slideshare.net,78kvyL
Teresina,Janczak,10:56 AM,10:45 AM,193,tjanczakhj@odnoklassniki.ru,kJVIJtx
Trescha,McCrackem,1:07 PM,12:18 PM,691,tmccrackemhk@i2i.jp,hEAhyyzW
Samuel,Perford,11:54 AM,3:22 PM,238,sperfordhl@answers.com,TCPIG8b
Daphne,Buckwell,12:30 PM,1:07 PM,492,dbuckwellhm@foxnews.com,ChAryh7Zfy
Barbra,Hanlon,8:44 AM,1:35 PM,155,bhanlonhn@utexas.edu,HRIHdogkw0ce
Sarina,Stone,12:02 PM,12:10 PM,270,sstoneho@who.int,n9r6CA
Brnaba,Jewks,11:36 AM,11:03 AM,37,bjewkshp@si.edu,af89tjjf5iL
Giff,Liley,3:30 PM,2:02 PM,397,glileyhq@ebay.com,hmVEaf7n
Robbyn,Huge,12:30 PM,2:42 PM,513,rhugehr@dagondesign.com,dbFgMn2aL5n
Danny,Aird,10:55 AM,3:32 PM,630,dairdhs@live.com,d2rdDs8pTFfg
Rubina,Cud,8:48 AM,8:49 AM,234,rcudht@facebook.com,Pkg7vq
Chevy,Gilphillan,3:46 PM,1:03 PM,395,cgilphillanhu@com.com,uSEX4Y
Elbert,Daveley,8:08 AM,4:50 PM,656,edaveleyhv@csmonitor.com,VCwdwF6m8uc
Em,Wyldbore,9:05 AM,9:02 AM,576,ewyldborehw@icio.us,0Y1zL38CHM7u
Edouard,Charle,2:36 PM,11:48 AM,23,echarlehx@google.fr,05xxoyVFB
Claiborn,Barthelemy,1:50 PM,2:18 PM,262,cbarthelemyhy@behance.net,nm6VdWxG9
Lucine,Sedworth,1:10 PM,10:00 AM,588,lsedworthhz@oakley.com,n2xAl3VKqo
Vance,Playdon,9:23 AM,11:02 AM,181,vplaydoni0@yale.edu,tPsQHhrDAX
Claudianus,Clemmens,8:34 AM,9:12 AM,613,cclemmensi1@hatena.ne.jp,8NGfxw
Orelle,Purselowe,2:41 PM,2:09 PM,578,opurselowei2@abc.net.au,XiLb3QhZ
Rhianon,Crighten,12:48 PM,12:33 PM,475,rcrighteni3@guardian.co.uk,vtM1lN
Sherwynd,Gogie,11:38 AM,12:01 PM,409,sgogiei4@quantcast.com,jAyJd8m
Jacky,Skentelbury,12:52 PM,9:35 AM,642,jskentelburyi5@java.com,QBs4n1n1Y
Livvy,Zorer,4:26 PM,3:26 PM,487,lzoreri6@discovery.com,6s9Gxd5toF
Shirl,McIlmorie,3:27 PM,3:09 PM,529,smcilmoriei7@woothemes.com,mEo79O8tEoAn
Marlena,Pickerill,10:43 AM,3:21 PM,212,mpickerilli8@google.de,ytZz6HOCmue4
Debee,Gammidge,11:19 AM,10:55 AM,587,dgammidgei9@acquirethisname.com,TIM2jKTx7
Hilarius,Pyott,3:49 PM,12:26 PM,646,hpyottia@istockphoto.com,zgv0ZrWdqz
Rhoda,Maryin,3:19 PM,9:25 AM,56,rmaryinib@plala.or.jp,LZ2MFTyX5bI
Kylie,Schonfelder,2:52 PM,3:34 PM,145,kschonfelderic@jalbum.net,rH8IzyL
Avrit,Thick,4:15 PM,12:23 PM,55,athickid@chronoengine.com,64gOsHB8QCR
Yehudit,Stivers,10:57 AM,8:38 AM,567,ystiversie@wordpress.com,HAbsJDhl
Billy,Ivanyutin,8:11 AM,1:22 PM,338,bivanyutinif@sitemeter.com,JDA4Pin
Cory,Jerome,8:05 AM,9:39 AM,534,cjeromeig@etsy.com,wzcWjUVOsA
Zara,Luberto,8:57 AM,9:16 AM,313,zlubertoih@yellowbook.com,cmhBMP
Hephzibah,de Zamora,3:57 PM,8:44 AM,121,hdezamoraii@123-reg.co.uk,I4NOy6
Carine,McQuarter,11:26 AM,8:24 AM,40,cmcquarterij@pen.io,6FGfpnlW
Mitchel,Rosberg,8:16 AM,11:52 AM,680,mrosbergik@fastcompany.com,1dP4Rh8Vz
Reece,Darlasson,12:46 PM,2:46 PM,579,rdarlassonil@youtu.be,kss6bWJvF
Herbie,Escoffier,10:20 AM,2:12 PM,428,hescoffierim@sina.com.cn,ZfMTZDttAcY
Roberta,Juschka,4:34 PM,1:08 PM,216,rjuschkain@wikispaces.com,Fu6zLr
Link,Coot,10:45 AM,12:01 PM,645,lcootio@elegantthemes.com,mSm8zFIw
Gard,Shiliton,10:56 AM,8:44 AM,182,gshilitonip@youtu.be,cL8ZkcCi
Brear,Bigland,3:39 PM,2:15 PM,36,bbiglandiq@de.vu,37cjPdo6yb5n
Wendi,Loveguard,4:57 PM,10:29 AM,593,wloveguardir@hatena.ne.jp,k85Cr7
Nissie,Leckenby,10:00 AM,9:52 AM,539,nleckenbyis@dot.gov,TxQ0iT
Nessa,Cadge,9:14 AM,10:45 AM,324,ncadgeit@google.co.uk,WLO7ngZr0
Maxie,Widdison,3:27 PM,3:33 PM,213,mwiddisoniu@w3.org,VOjlF1GTKWqy
Amaleta,Cornier,2:31 PM,8:39 AM,5,acornieriv@chronoengine.com,vYTALsKIkkM
Emilie,Eldershaw,10:18 AM,3:22 PM,353,eeldershawiw@bluehost.com,82slsFD
Tammy,Bangham,9:35 AM,9:03 AM,182,tbanghamix@gov.uk,8VBf4Zct
Merell,Jamieson,9:36 AM,11:16 AM,299,mjamiesoniy@sfgate.com,5dWlSeMliTb
Gabbie,Dunston,3:40 PM,9:11 AM,572,gdunstoniz@blogspot.com,w8jLzoIuU
Laurie,Stenson,9:36 AM,10:41 AM,318,lstensonj0@japanpost.jp,VUueuhwYISw
Johnna,McGebenay,10:04 AM,3:39 PM,354,jmcgebenayj1@behance.net,3VNhSiuudNT
Tera,Blatcher,2:13 PM,11:43 AM,69,tblatcherj2@wired.com,KoWPVTaGvrf
Gaultiero,Feaveer,1:25 PM,8:26 AM,123,gfeaveerj3@tripadvisor.com,uWlSxK9G2i
Bettye,Wysome,3:55 PM,4:06 PM,227,bwysomej4@shop-pro.jp,gUoV0GXkbv
Asa,Menham,8:57 AM,10:28 AM,626,amenhamj5@webs.com,01IpHBAhVUqd
Francklin,Blitz,11:19 AM,4:10 PM,273,fblitzj6@businessinsider.com,SUdkItON9o
Karyn,Linfitt,9:05 AM,1:58 PM,175,klinfittj7@hao123.com,ueFFipQg7r
Chan,Donnellan,12:49 PM,10:54 AM,681,cdonnellanj8@aol.com,W8huvDOKC
Marris,Thwaite,9:13 AM,3:50 PM,23,mthwaitej9@flickr.com,uyNinR
Odille,Chiplen,2:33 PM,11:23 AM,613,ochiplenja@china.com.cn,tB4Dflta5
Krystyna,Roblin,11:26 AM,8:41 AM,531,kroblinjb@house.gov,9cU7pbYRTc
Jewell,Thornber,11:08 AM,10:08 AM,432,jthornberjc@elegantthemes.com,ckgJUHrp
Paola,Karpinski,10:43 AM,8:00 AM,401,pkarpinskijd@cocolog-nifty.com,svCNxRPQQ1O
Rosemaria,Gittoes,3:00 PM,8:12 AM,622,rgittoesje@nhs.uk,cxYLbG6jKINo
Aprilette,Hexham,1:10 PM,12:48 PM,103,ahexhamjf@ovh.net,fbfSw8WJe
Vladimir,Romans,10:40 AM,1:08 PM,333,vromansjg@cocolog-nifty.com,bnxVOSYAPQ
Roslyn,Tames,1:32 PM,9:23 AM,205,rtamesjh@prnewswire.com,qKzjlK
Wang,Savidge,11:59 AM,3:20 PM,463,wsavidgeji@clickbank.net,qJQOMmIFchZ
Julee,Hub,12:09 PM,4:56 PM,519,jhubjj@virginia.edu,VhOV0SOb0kVi
Milli,Bruniges,1:41 PM,12:02 PM,277,mbrunigesjk@webmd.com,nn5iXlls
Shea,Gillbey,9:15 AM,4:17 PM,326,sgillbeyjl@newyorker.com,p1TGhNetc
Harp,Plaxton,10:43 AM,10:27 AM,404,hplaxtonjm@craigslist.org,j2vh58bpPcFp
Barbie,Couroy,12:26 PM,11:52 AM,362,bcouroyjn@unicef.org,MfAoXd2V
Dalila,Saller,12:47 PM,4:20 PM,597,dsallerjo@netvibes.com,09ZHm1OtI9Pd
Emmeline,Marcoolyn,1:46 PM,8:09 AM,493,emarcoolynjp@cisco.com,DTGG0ITnA
Jackson,Benham,9:21 AM,8:29 AM,112,jbenhamjq@whitehouse.gov,RcCSsMNchaQ
Carolus,Attarge,10:23 AM,4:02 PM,588,cattargejr@webnode.com,pdto9y7mMb
Bernita,McCullough,12:32 PM,11:12 AM,53,bmcculloughjs@epa.gov,wQeS52F
Hannie,Larrat,10:21 AM,1:43 PM,117,hlarratjt@nydailynews.com,vlFpsa5Wt
Zorana,Rummery,10:03 AM,12:44 PM,237,zrummeryju@drupal.org,W5poTnN
Bjorn,Stathers,12:09 PM,10:27 AM,194,bstathersjv@businesswire.com,IVPe8ow
Ernestine,Slogrove,1:43 PM,2:57 PM,191,eslogrovejw@comcast.net,xCFMhw7EKte9
Dolli,Naisbet,2:20 PM,3:51 PM,145,dnaisbetjx@creativecommons.org,iqbvEn5Uxt7
Culley,Attwell,9:23 AM,12:29 PM,219,cattwelljy@usa.gov,2dgl1zKS
Dora,Zumbusch,3:38 PM,3:41 PM,38,dzumbuschjz@php.net,RFPyWma3bp
Doretta,Otteridge,3:54 PM,9:13 AM,202,dotteridgek0@behance.net,vhWk708t
Crystal,Owens,8:51 AM,11:11 AM,2,cowensk1@skype.com,j9tFKkN
Skylar,McGall,8:47 AM,12:53 PM,166,smcgallk2@slate.com,q47UGtL6
Alejoa,Weems,1:57 PM,10:22 AM,479,aweemsk3@webnode.com,RSnlomJvc994
Aurea,Inglis,12:34 PM,10:21 AM,109,ainglisk4@nature.com,meApp19o4z
Corilla,Morforth,1:42 PM,8:41 AM,577,cmorforthk5@paginegialle.it,xyFx62sfpu
Lois,Varsey,3:03 PM,10:08 AM,622,lvarseyk6@ovh.net,BEsrtvpm
Lucho,Brayson,11:42 AM,10:46 AM,584,lbraysonk7@smugmug.com,SbYvBMO0Ls5
Joleen,Balser,8:57 AM,2:18 PM,299,jbalserk8@comcast.net,QIhrUct2zf
Quintana,Pinson,10:59 AM,10:09 AM,559,qpinsonk9@tamu.edu,jNFcocmy
Denni,Tumielli,3:01 PM,11:54 AM,583,dtumiellika@exblog.jp,WeVmYMBiD
Jaymee,McPeake,10:34 AM,11:47 AM,190,jmcpeakekb@mlb.com,NssPea0BTes
Robinetta,Schukraft,3:39 PM,3:23 PM,12,rschukraftkc@dailymail.co.uk,bzlJlJ
Goraud,Conklin,2:39 PM,10:03 AM,153,gconklinkd@dagondesign.com,YcBmi0
Karyn,Bamlett,10:39 AM,9:00 AM,18,kbamlettke@netscape.com,eYa25uSrcO
Mame,Brundle,12:46 PM,10:42 AM,429,mbrundlekf@wikispaces.com,I03L2OdnjIon
Bethany,Linscott,1:03 PM,11:20 AM,644,blinscottkg@printfriendly.com,EFD6UjIVQs
Gillian,Rodrig,10:18 AM,1:00 PM,662,grodrigkh@washington.edu,esssOo0r
Shirleen,Flaubert,9:00 AM,10:10 AM,484,sflaubertki@mysql.com,EvA0UYpjwb8Q
Joellyn,Pears,10:56 AM,2:07 PM,388,jpearskj@deviantart.com,LjVYBuz5aou
Dacia,Swaile,1:31 PM,8:54 AM,609,dswailekk@zimbio.com,knRGqYWPhqT
Renate,Dyne,3:23 PM,10:34 AM,447,rdynekl@unicef.org,SCl8udS
Christy,Grubbe,11:24 AM,1:09 PM,630,cgrubbekm@si.edu,2sm573jLaP8Y
Sharlene,Behnen,3:09 PM,9:51 AM,232,sbehnenkn@globo.com,VavDmfGqF58n
Cordey,Maymand,9:12 AM,3:04 PM,538,cmaymandko@ucla.edu,9mmOC1j
Madelle,Tedorenko,8:39 AM,2:04 PM,61,mtedorenkokp@1688.com,S0K6H67
Kimberlee,Wardingley,12:51 PM,3:18 PM,387,kwardingleykq@ed.gov,DV3etd
Gigi,Schops,10:47 AM,3:05 PM,20,gschopskr@nsw.gov.au,JXOwLdYf
Morty,Outridge,9:40 AM,9:50 AM,462,moutridgeks@nhs.uk,YztWJnV
Carole,Issacoff,12:59 PM,9:48 AM,532,cissacoffkt@dyndns.org,LnNeMj
Burlie,Falco,11:24 AM,4:26 PM,330,bfalcoku@people.com.cn,D6f7KM2
Tamera,Huckett,1:59 PM,1:49 PM,376,thuckettkv@hatena.ne.jp,2gUzDH
Willa,Greenroad,10:12 AM,12:51 PM,128,wgreenroadkw@statcounter.com,v4GFqyZRJ
Egor,Lampke,8:45 AM,9:36 AM,218,elampkekx@patch.com,JtLet6XgZ9
Shawn,Rysom,12:19 PM,10:19 AM,245,srysomky@angelfire.com,cWCca2mTR
Bette-ann,Loveday,11:24 AM,10:25 AM,500,blovedaykz@abc.net.au,UEQtheS8fr
Burk,Wayne,1:08 PM,4:42 PM,290,bwaynel0@liveinternet.ru,dzkyy7OuW
Delmer,Roads,8:33 AM,10:18 AM,54,droadsl1@smugmug.com,swhR3RczyeG
Lisetta,Baskwell,11:22 AM,4:08 PM,267,lbaskwelll2@sciencedaily.com,IjNjiae7
Myles,Culter,8:32 AM,2:53 PM,501,mculterl3@epa.gov,fxgljwtO
Padriac,Brimfield,10:19 AM,9:45 AM,614,pbrimfieldl4@techcrunch.com,Eggcw1
Sigfried,Tumasian,1:16 PM,1:34 PM,272,stumasianl5@cnn.com,Kf7jFCsVNE
Cassondra,Bleackly,2:38 PM,2:05 PM,13,cbleacklyl6@gmpg.org,Xr8Gs5L
Clovis,O' Shea,2:05 PM,1:49 PM,258,cosheal7@shinystat.com,JoO9aFMfcKfE
Henrietta,Ostler,3:59 PM,3:15 PM,159,hostlerl8@msn.com,ocyvbCofdMw
Edgardo,Lynnitt,2:22 PM,1:53 PM,77,elynnittl9@si.edu,PtdOG7jo9l
Dulcinea,Lambart,9:03 AM,10:23 AM,366,dlambartla@google.cn,FWS1N5SsGi9
Charlean,Querree,4:30 PM,4:38 PM,174,cquerreelb@tinypic.com,6cdxmRg
Karrah,Bliven,12:51 PM,3:36 PM,378,kblivenlc@macromedia.com,oi3p92HeP3sq
Grantham,Gopsill,11:31 AM,10:16 AM,106,ggopsillld@google.fr,C5dWdfv3bakI
Lilian,Raithbie,1:00 PM,9:10 AM,264,lraithbiele@creativecommons.org,ucrJWHD1s1t
Sonnie,Stratford,12:32 PM,1:42 PM,130,sstratfordlf@state.gov,gACAcot
Kelby,Bardill,10:40 AM,4:19 PM,577,kbardilllg@hp.com,QZZmKW7
Bernelle,Merington,1:03 PM,3:51 PM,567,bmeringtonlh@macromedia.com,VXrPjDvJ
Francis,Wheelband,12:56 PM,2:44 PM,306,fwheelbandli@yale.edu,aHC9w7HgxGXd
Shurlock,Stopper,10:45 AM,9:27 AM,254,sstopperlj@comcast.net,BBRbDNj
Kristopher,Cramb,4:38 PM,1:37 PM,529,kcramblk@mozilla.org,8ZNEGYjj
Ebeneser,Ceci,11:42 AM,11:40 AM,357,ececill@scribd.com,4E0Sm2
Reinaldo,Kropach,2:14 PM,11:18 AM,211,rkropachlm@blogtalkradio.com,eB6s9PZGTeUI
Lorilyn,Baldwin,11:42 AM,1:35 PM,350,lbaldwinln@seesaa.net,cNjfktFl
Anastasia,Rubinchik,11:09 AM,10:01 AM,234,arubinchiklo@webnode.com,iZSkp1SakEG3
Fredericka,Dugood,1:47 PM,8:22 AM,609,fdugoodlp@usda.gov,nAManX
Devlin,Seid,1:19 PM,3:31 PM,540,dseidlq@nationalgeographic.com,jVmvC9
Martino,Itzak,12:35 PM,12:33 PM,452,mitzaklr@unblog.fr,Kbi9VXvgp
Elinore,Stallen,2:07 PM,8:41 AM,150,estallenls@topsy.com,YuXRlH
Griff,Tunuy,2:01 PM,9:38 AM,17,gtunuylt@xinhuanet.com,WAAnVIsz
Cecilio,Skells,2:11 PM,12:23 PM,193,cskellslu@live.com,F7SsB6
Egbert,Bernardin,3:49 PM,4:34 PM,568,ebernardinlv@g.co,rTSo9FQ
Ade,Malec,3:36 PM,11:00 AM,544,amaleclw@nba.com,btpNkvx3uF
Fanni,Bettles,11:08 AM,1:41 PM,223,fbettleslx@si.edu,pz48udl9Bzh
Reinaldos,Redon,2:28 PM,12:16 PM,105,rredonly@msn.com,4CEkWJwoE
Noah,Klimentyonok,11:56 AM,12:13 PM,22,nklimentyonoklz@flavors.me,bEIz1p
Cicely,Zolini,11:22 AM,3:39 PM,528,czolinim0@mit.edu,wHvn4hIa
Walton,Arnaez,3:51 PM,11:04 AM,335,warnaezm1@freewebs.com,7U0c1lKDV3nq
Fionna,Sandels,9:39 AM,11:17 AM,317,fsandelsm2@google.com,O1UGRxJk0jW
Emelina,Clixby,8:19 AM,3:13 PM,475,eclixbym3@blog.com,5uSejlTUg
Violante,Lampaert,9:30 AM,9:41 AM,76,vlampaertm4@oaic.gov.au,h6WnVwYXif
Blaine,Shillingford,8:29 AM,2:23 PM,687,bshillingfordm5@census.gov,bMhlrf5IS
Danice,Todeo,2:40 PM,3:03 PM,424,dtodeom6@nasa.gov,QZA288yNg
Rene,Laybourne,4:39 PM,10:51 AM,685,rlaybournem7@sphinn.com,rPOUSTFlkE
Etty,Kinworthy,10:24 AM,2:21 PM,520,ekinworthym8@businessinsider.com,6wnXvvV8P41V
Rochester,Wippermann,12:43 PM,12:43 PM,590,rwippermannm9@wired.com,v1hZLI
Dayna,Foldes,2:26 PM,4:50 PM,358,dfoldesma@nbcnews.com,8O5ItV
Lowell,Canas,4:35 PM,12:18 PM,33,lcanasmb@prweb.com,TpX503xFTt
Karlotta,Jelf,1:28 PM,4:33 PM,451,kjelfmc@discuz.net,xRiaFeI1aI
Quinta,Jakubowsky,9:56 AM,8:47 AM,328,qjakubowskymd@disqus.com,AcbODAAZv
Charla,Arpin,11:56 AM,1:12 PM,148,carpinme@nps.gov,6Des0q8b
Atlante,Extal,11:35 AM,11:10 AM,575,aextalmf@telegraph.co.uk,N6UYbWeS
Hatti,Hakes,8:47 AM,11:52 AM,525,hhakesmg@google.pl,LvwenhzcCdh
Spence,Rains,8:10 AM,10:29 AM,285,srainsmh@lycos.com,Ixd05AlQkKy
Adda,Walkowski,9:47 AM,10:31 AM,180,awalkowskimi@discovery.com,4BqKEIngYI
Flinn,Tesauro,9:33 AM,10:29 AM,429,ftesauromj@dailymail.co.uk,iKj2WiLxwPjJ
Rorie,Gianulli,11:55 AM,10:30 AM,198,rgianullimk@a8.net,e8wi6X
Nowell,McTavy,1:52 PM,4:33 PM,477,nmctavyml@squidoo.com,OBM3XKiL
Cassandra,Kirdsch,9:03 AM,8:04 AM,35,ckirdschmm@ovh.net,3cdPRvT1uVfk
Joye,Edes,9:56 AM,3:48 PM,201,jedesmn@mashable.com,bdKzlGWrRY
Constantine,Easlea,12:34 PM,2:31 PM,312,ceasleamo@tiny.cc,aURsFu
Kori,Luscott,9:01 AM,11:07 AM,145,kluscottmp@google.com.br,elUzFn3n
Marris,Bilyard,8:37 AM,9:16 AM,507,mbilyardmq@vimeo.com,IlvGAZnt
Kirsti,Fuster,11:39 AM,4:33 PM,369,kfustermr@berkeley.edu,hoiV9Xj
Bernardo,Calltone,11:14 AM,2:57 PM,646,bcalltonems@chronoengine.com,vHHgnt9
Elwira,Toopin,4:59 PM,10:16 AM,362,etoopinmt@state.tx.us,Ns2yw7Pggfh5
Stefanie,Huban,4:40 PM,8:09 AM,572,shubanmu@cdbaby.com,fHo6xtCU4SuB
Karlik,Melross,10:29 AM,9:48 AM,408,kmelrossmv@google.co.uk,9E8IhoI6i
Rancell,Lewing,2:05 PM,2:46 PM,266,rlewingmw@latimes.com,RUYzWQhe
Candida,Ronchetti,4:43 PM,3:51 PM,3,cronchettimx@mediafire.com,4ufZR7
Reinwald,Noyce,2:18 PM,4:35 PM,577,rnoycemy@yelp.com,l0V6BwBqgUQ
Lina,Dodge,4:00 PM,4:12 PM,168,ldodgemz@census.gov,xjH2Pi
Shurlocke,Eliesco,9:21 AM,11:23 AM,591,seliescon0@sfgate.com,P4y1PKpBmVGB
Perkin,Hoston,12:23 PM,3:32 PM,169,phostonn1@usa.gov,9aZqTIrm
Sky,Sharpling,2:07 PM,8:14 AM,311,ssharplingn2@spiegel.de,ctddWt
Barrie,Coughlan,11:00 AM,4:10 PM,496,bcoughlann3@vk.com,TvzXWSRlHgxB
Delora,Bird,12:24 PM,12:31 PM,601,dbirdn4@lycos.com,Hp91AnPfJ2u
Christiano,Tuttiett,9:17 AM,10:04 AM,304,ctuttiettn5@usa.gov,HMbsvWy
Paulina,Wallege,12:41 PM,3:51 PM,384,pwallegen6@barnesandnoble.com,kCKgxbz
Ashlin,Beushaw,3:39 PM,9:55 AM,496,abeushawn7@marriott.com,E7LG4Kp5Ij
Nadine,Eaklee,2:42 PM,10:11 AM,441,neakleen8@bandcamp.com,WSc8W9Alvv
Wendye,Renney,4:23 PM,12:10 PM,440,wrenneyn9@tinyurl.com,FIqy9mgmk
Ephraim,Duffitt,8:39 AM,11:29 AM,603,eduffittna@fastcompany.com,njXryVortvIM
Jermaine,Sheffield,12:19 PM,3:41 PM,273,jsheffieldnb@hibu.com,boBJre
Patience,Bothram,4:03 PM,2:30 PM,233,pbothramnc@yahoo.com,oK3PJxjzfg
Ramonda,Brobeck,2:34 PM,8:36 AM,530,rbrobecknd@mediafire.com,c5iqOPf9xYE
Walliw,Devin,2:26 PM,11:33 AM,90,wdevinne@umn.edu,j1w6BuWC
Sarene,Sibille,2:18 PM,10:12 AM,446,ssibillenf@boston.com,QAbzyxLp2de
Cassius,Trundler,9:17 AM,1:52 PM,561,ctrundlerng@over-blog.com,Hdgp9M72Bj
Pietra,Kersey,3:09 PM,11:22 AM,645,pkerseynh@sakura.ne.jp,PKE1RxErE
Redford,Bourtoumieux,12:06 PM,12:14 PM,406,rbourtoumieuxni@altervista.org,3Axbr9B6
Nessa,Holmyard,2:43 PM,10:34 AM,440,nholmyardnj@themeforest.net,IkKS7y3
Klement,Baigent,1:59 PM,9:21 AM,51,kbaigentnk@altervista.org,Ir0y9K89k2Yz
Eyde,Hallmark,2:40 PM,3:40 PM,671,ehallmarknl@google.com.br,4zNq2W8
Arney,McGirr,11:16 AM,4:21 PM,451,amcgirrnm@noaa.gov,NG4V1rfUKm
Melody,Yanov,10:58 AM,2:59 PM,270,myanovnn@paginegialle.it,Szgyh8V
Arabelle,Risom,12:10 PM,10:23 AM,654,arisomno@t-online.de,wiwqGpG4isF5
Cletus,Clewett,10:38 AM,2:07 PM,243,cclewettnp@icio.us,lwTO3dI13vr3
Karon,Priel,2:11 PM,1:19 PM,632,kprielnq@live.com,qKWTV0
Giacobo,Staterfield,3:39 PM,8:31 AM,209,gstaterfieldnr@360.cn,1D0uUT4V
Fayth,Germann,10:40 AM,11:01 AM,491,fgermannns@ucoz.com,VZiFRpe5k
Anjela,Spilsburie,1:30 PM,2:23 PM,612,aspilsburient@reverbnation.com,Y79Dqijqfre
Toddie,Duddle,12:21 PM,11:57 AM,616,tduddlenu@eepurl.com,I9SesbQ
Naomi,Phorsby,10:23 AM,10:44 AM,483,nphorsbynv@51.la,zcZBJtGEgjvx
Lona,Adamec,1:39 PM,4:55 PM,571,ladamecnw@amazonaws.com,EkW3vHDapsx
Torr,Beardshaw,3:29 PM,1:01 PM,282,tbeardshawnx@japanpost.jp,5L9SP9gR
Tonie,Klimowicz,10:54 AM,2:48 PM,444,tklimowiczny@pagesperso-orange.fr,1b0PIvqXzE
Teodorico,Reimer,2:02 PM,3:18 PM,375,treimernz@state.gov,Ozk27QqB3
Anabal,Fidgin,10:06 AM,4:48 PM,61,afidgino0@cloudflare.com,Ida6Tqj
Chantalle,Aspall,3:27 PM,11:26 AM,212,caspallo1@pcworld.com,VdtQEtNjjaY
Aeriel,Satterfitt,10:09 AM,10:20 AM,547,asatterfitto2@columbia.edu,hjl4yw
Lorry,Beadles,10:21 AM,12:00 PM,159,lbeadleso3@blog.com,2iwsmnZRB5
Jillene,Coenraets,1:32 PM,4:48 PM,626,jcoenraetso4@nymag.com,M7cuAU113hb
Hugo,Gaudin,11:14 AM,4:54 PM,15,hgaudino5@gmpg.org,MPmS1dgYt5V
Jamal,Murton,9:04 AM,2:44 PM,402,jmurtono6@yahoo.com,q792yZKT7g7E
Roseline,Blowers,10:14 AM,11:09 AM,15,rblowerso7@nasa.gov,NtFNFI
Calv,Shepheard,3:34 PM,3:45 PM,347,cshepheardo8@engadget.com,MAku7g
Griz,Braxton,11:30 AM,1:35 PM,210,gbraxtono9@state.tx.us,al0dRzn0W
Archer,Torresi,1:25 PM,8:14 AM,169,atorresioa@eventbrite.com,JRnD1gev5m
Maud,Chatenier,11:48 AM,1:15 PM,537,mchatenierob@google.co.uk,bR6Y2RRd6kEo
Ephrem,Sloley,9:58 AM,3:51 PM,246,esloleyoc@cbc.ca,dqqsah8Y9
Carl,Rainford,11:58 AM,2:18 PM,487,crainfordod@g.co,6Jn0OHhnn
Kali,Drake,2:08 PM,1:12 PM,154,kdrakeoe@opera.com,OrYgx0HCHfSn
Stefano,Lodwig,2:16 PM,8:26 AM,600,slodwigof@github.com,n9VCzCokRwD
Sibylla,Dickinson,3:49 PM,10:58 AM,84,sdickinsonog@latimes.com,z0MZOCROf4bt
Teresita,Clarricoates,11:50 AM,8:52 AM,68,tclarricoatesoh@elegantthemes.com,laC1VzbWjQfx
Benedetto,Tourry,4:03 PM,4:43 PM,408,btourryoi@symantec.com,r2f6Hly1
Kelly,Wickey,8:08 AM,4:10 PM,452,kwickeyoj@seattletimes.com,EoW5QNHDghBT
Boony,Wellman,1:10 PM,1:29 PM,660,bwellmanok@shinystat.com,YGmupMHcjm
Sarina,Sex,2:20 PM,2:43 PM,65,ssexol@dmoz.org,iP8boNObZku
Rory,Baggally,12:32 PM,10:00 AM,521,rbaggallyom@hugedomains.com,sj9IUZ
Nikkie,O'Siaghail,8:16 AM,8:05 AM,455,nosiaghailon@state.tx.us,qfz4bJH
Merrily,Veronique,9:13 AM,4:22 PM,189,mveroniqueoo@cnn.com,UjkaCdbcg
Morlee,Gentreau,2:59 PM,12:55 PM,403,mgentreauop@disqus.com,KbztXKoJ6ssg
Verina,Phlippi,10:49 AM,12:44 PM,264,vphlippioq@usgs.gov,yhgEy4Lw5QXy
Millisent,Lujan,9:11 AM,2:34 PM,664,mlujanor@deviantart.com,3DN9nbS
Minnaminnie,Meadowcroft,10:54 AM,2:59 PM,377,mmeadowcroftos@163.com,aOGbj5
Evie,Iwanczyk,4:14 PM,12:56 PM,389,eiwanczykot@ameblo.jp,qnsAV1cI6n
Abby,Read,11:25 AM,10:46 AM,604,areadou@yelp.com,Rw4SU1b5bg
Klaus,Johnes,8:54 AM,11:46 AM,109,kjohnesov@ocn.ne.jp,16pmUS
Masha,Ollington,2:51 PM,4:32 PM,11,mollingtonow@amazon.co.jp,4osImmSAfSpt
Pru,Sussex,11:06 AM,2:12 PM,268,psussexox@de.vu,GKUvYf
Lorilee,Hurdis,8:20 AM,8:06 AM,109,lhurdisoy@about.com,PUXanK
Ewart,McMychem,1:16 PM,11:57 AM,647,emcmychemoz@about.me,PbO4IMJg
Mariya,De Laci,10:15 AM,3:35 PM,159,mdelacip0@goo.gl,dpBDHv
Shay,Burbage,3:01 PM,10:38 AM,368,sburbagep1@biglobe.ne.jp,1wg3Bv3q7MEv
Ailee,Dummer,8:36 AM,1:33 PM,199,adummerp2@stumbleupon.com,8JuA482
Robb,Fenwick,3:51 PM,1:38 PM,171,rfenwickp3@techcrunch.com,tQ7mXRr24V
Giuseppe,Hallam,12:52 PM,8:59 AM,474,ghallamp4@booking.com,aAxnJBr
Francesco,Tidder,1:16 PM,12:13 PM,132,ftidderp5@fotki.com,NzEPrhsUqQJX
Guglielma,End,2:50 PM,10:59 AM,648,gendp6@about.me,GN1etQl7Q
Dorthea,Costall,1:47 PM,10:01 AM,228,dcostallp7@virginia.edu,FMaOcOE5g
Regine,Aluard,1:00 PM,3:17 PM,543,raluardp8@stanford.edu,IMg3aYYJg2
Merna,Gyrgorwicx,9:54 AM,12:02 PM,305,mgyrgorwicxp9@issuu.com,65NJSCDruL
Trix,Kershaw,3:04 PM,1:45 PM,549,tkershawpa@51.la,PpwtblQ1M1
Mylo,McGragh,9:54 AM,9:34 AM,407,mmcgraghpb@github.com,2flNEk4
Deena,Daniele,3:23 PM,12:55 PM,206,ddanielepc@jimdo.com,i8uRDE
Alon,Tomblin,10:53 AM,10:06 AM,140,atomblinpd@123-reg.co.uk,TxBNQT8P2dK
Halimeda,Ehlerding,2:07 PM,1:42 PM,245,hehlerdingpe@vk.com,NScwwe
Vladimir,Ellingford,1:20 PM,8:51 AM,107,vellingfordpf@friendfeed.com,XsWPP7OQFY0
Lisbeth,Gawn,2:32 PM,10:47 AM,276,lgawnpg@gmpg.org,KqMN0Wat
Frazier,Tabbernor,8:41 AM,9:44 AM,17,ftabbernorph@netvibes.com,jYzDHMDTinX
Joete,Rishworth,3:37 PM,9:42 AM,225,jrishworthpi@multiply.com,353JEtTNHa
Merl,Shackelton,9:25 AM,8:51 AM,176,mshackeltonpj@columbia.edu,rE8xx9
Melita,Harvison,1:27 PM,3:18 PM,346,mharvisonpk@yahoo.co.jp,otRReu
Nichole,Huby,2:02 PM,4:21 PM,656,nhubypl@ning.com,Px351o3a1gz
Eb,Drew,9:06 AM,11:32 AM,134,edrewpm@paginegialle.it,MVdxQqfac8
Moe,Olenchikov,3:04 PM,4:01 PM,100,molenchikovpn@nymag.com,TO7WvCuw1sln
Dana,Yendall,9:30 AM,2:22 PM,582,dyendallpo@nifty.com,fux7h6R5vZC
Alexia,Hawe,2:02 PM,11:36 AM,662,ahawepp@sciencedirect.com,RborD2PJG3
Janna,Beaconsall,11:30 AM,1:02 PM,687,jbeaconsallpq@reddit.com,4ze9ITu9kIb
Willard,Postians,4:16 PM,12:55 PM,656,wpostianspr@behance.net,5c3RIa
Giovanna,Edkins,10:52 AM,1:14 PM,334,gedkinsps@shareasale.com,wjkuwioa5s
Dickie,Gisbey,8:46 AM,3:45 PM,686,dgisbeypt@ocn.ne.jp,aykKI9XLVp8P
Rusty,Van Salzberger,3:17 PM,4:14 PM,391,rvansalzbergerpu@ycombinator.com,dDLKMe
Mindy,Ferres,8:56 AM,9:33 AM,629,mferrespv@springer.com,JvmEdYeJukV
Cristi,Seeviour,3:20 PM,10:33 AM,595,cseeviourpw@naver.com,gF6tWA
Juan,Skettles,4:58 PM,9:02 AM,90,jskettlespx@businessinsider.com,42HMgg0VNM
Koren,Brahan,11:49 AM,12:50 PM,12,kbrahanpy@cbslocal.com,CfD87foksFH
Calypso,Sidgwick,3:55 PM,11:02 AM,199,csidgwickpz@goo.ne.jp,iSpzMGdxD7
Pennie,Barehead,2:41 PM,8:30 AM,213,pbareheadq0@utexas.edu,0XDBK2Z
Gallagher,Latus,8:23 AM,9:15 AM,604,glatusq1@xrea.com,3IRaNM8
Ado,Bamber,11:51 AM,1:24 PM,373,abamberq2@ustream.tv,AF2D1Unj
Iago,Buttler,4:26 PM,8:08 AM,484,ibuttlerq3@devhub.com,Ga58YUTdqM
Thaxter,Stallion,12:32 PM,10:47 AM,438,tstallionq4@umich.edu,Dif9hmXxGF
Anetta,Tucker,9:37 AM,12:36 PM,569,atuckerq5@privacy.gov.au,aYj7nU
Pancho,Hendrich,1:34 PM,8:14 AM,662,phendrichq6@nationalgeographic.com,1ibZqH0exY
Trixi,Hug,11:04 AM,11:12 AM,364,thugq7@fotki.com,GE8w86q
Persis,Rapkins,8:57 AM,1:25 PM,347,prapkinsq8@friendfeed.com,zVvC2LVX0
Angie,Halford,12:43 PM,1:37 PM,600,ahalfordq9@ft.com,emOQoDE08uk
Thomasina,Dolan,1:40 PM,3:18 PM,6,tdolanqa@slashdot.org,uWLk9e4m3E
Fidelity,Ewestace,9:32 AM,12:07 PM,70,fewestaceqb@furl.net,820fTJ80T
Blinni,Herety,12:41 PM,1:25 PM,155,bheretyqc@unc.edu,7P1SA3Jx
Kathye,Mehew,8:16 AM,10:12 AM,626,kmehewqd@163.com,cvAr7x5Vrt
Suzann,Petters,3:33 PM,2:31 PM,571,spettersqe@ycombinator.com,ElcS6Tw
Sydney,Marl,8:28 AM,3:30 PM,459,smarlqf@yahoo.co.jp,WQjmbeHT9
Lurette,Meryett,11:43 AM,3:10 PM,327,lmeryettqg@behance.net,K7p35Elj
Lisabeth,Cabena,12:36 PM,12:58 PM,619,lcabenaqh@wired.com,hnKimeWQ
Moses,Dougan,4:05 PM,1:41 PM,121,mdouganqi@constantcontact.com,UF5SdG2
Celinda,Llewellin,3:39 PM,4:53 PM,507,cllewellinqj@linkedin.com,J5gq9MzfZ1lH
Hayyim,Cliss,8:05 AM,12:09 PM,123,hclissqk@facebook.com,fgDB3yrMDi4P
Bard,Gaynes,2:09 PM,2:19 PM,146,bgaynesql@alibaba.com,bLPJXo5Fd90P
Else,McKean,4:00 PM,1:20 PM,664,emckeanqm@hubpages.com,vfQQQ8pEpG
Caspar,Grzelewski,1:36 PM,3:31 PM,202,cgrzelewskiqn@xrea.com,eakHi5hc0
Moria,Addenbrooke,1:31 PM,3:32 PM,636,maddenbrookeqo@narod.ru,8KtLfZN
Gawain,Dreigher,10:06 AM,9:30 AM,134,gdreigherqp@go.com,zMMdXxGqggs
Garvin,McGlew,11:33 AM,12:43 PM,265,gmcglewqq@google.ca,2cj7QY
Davis,Glen,3:19 PM,8:37 AM,73,dglenqr@army.mil,dbuuciARU
Devin,Mahaddy,2:31 PM,11:29 AM,453,dmahaddyqs@hatena.ne.jp,Q0V6A7wGT
Shana,Paulillo,4:37 PM,11:46 AM,357,spaulilloqt@whitehouse.gov,kgrhpFG4
Amie,Ipplett,1:51 PM,8:30 AM,8,aipplettqu@bloglines.com,etDR7Fbuan9
Obidiah,Trevethan,10:40 AM,3:11 PM,117,otrevethanqv@mail.ru,JKy0eR2
Barrie,Treweke,12:39 PM,10:45 AM,187,btrewekeqw@pbs.org,da18BhhwRRo
Noland,Knoller,1:49 PM,10:25 AM,200,nknollerqx@toplist.cz,YbN17c2ef
Claudian,Bello,4:31 PM,1:08 PM,375,cbelloqy@pen.io,NUeqs9
Frederica,Oldaker,4:33 PM,4:24 PM,16,foldakerqz@wired.com,qAvhj90gTx3J
Ardene,Blazewicz,12:11 PM,3:09 PM,75,ablazewiczr0@ask.com,oeYsNn7ZA
Corie,Roome,4:35 PM,8:45 AM,587,croomer1@google.fr,jrv5hq1K
Luella,Ownsworth,12:37 PM,3:07 PM,31,lownsworthr2@addthis.com,LIbJaJU
Kylen,Strute,9:15 AM,4:27 PM,510,kstruter3@shop-pro.jp,BArO3JXY
Lothario,McDougall,3:10 PM,12:26 PM,469,lmcdougallr4@storify.com,JSlELMreE9
Iorgo,Joontjes,2:59 PM,12:14 PM,40,ijoontjesr5@pinterest.com,YW31Xo
Enos,Cantero,11:24 AM,8:03 AM,1,ecanteror6@dyndns.org,Sn0eN1vu
Zenia,Gianettini,10:24 AM,9:59 AM,6,zgianettinir7@blogs.com,beCjwOyG
Milzie,Instock,10:55 AM,12:50 PM,241,minstockr8@sciencedaily.com,nkozMm8Jm
James,De Dantesie,2:47 PM,1:13 PM,582,jdedantesier9@jigsy.com,oFHFZO4
Bev,Housaman,3:19 PM,12:32 PM,411,bhousamanra@psu.edu,RLTWVoA5
Anna,Heather,4:06 PM,1:20 PM,6,aheatherrb@washingtonpost.com,vTYLaHtaB
Muffin,McArthur,1:41 PM,11:26 AM,293,mmcarthurrc@craigslist.org,Fo92kEWymH5
Kara,Teissier,1:13 PM,11:39 AM,694,kteissierrd@springer.com,Z2GJ1jb
Patty,Widdowes,3:46 PM,8:12 AM,79,pwiddowesre@liveinternet.ru,kv5Bv5oUyiH
Rube,Itzcak,8:50 AM,1:28 PM,628,ritzcakrf@themeforest.net,PaGA96go1Qm
Cyndi,Bradshaw,2:03 PM,10:20 AM,426,cbradshawrg@bravesites.com,yl4rhKvF9F81
Reggie,Atter,11:35 AM,3:09 PM,489,ratterrh@simplemachines.org,nE5vtAAV5E1
Manny,Branson,3:40 PM,11:46 AM,569,mbransonri@dropbox.com,S0LKVmVERu
Gussi,Fearey,8:26 AM,4:42 PM,565,gfeareyrj@issuu.com,r0KpeRXZ5qF
Bo,Kinglesyd,12:53 PM,2:16 PM,338,bkinglesydrk@dmoz.org,DsFEnQMmkfl
Sheelagh,Jiran,2:07 PM,2:49 PM,686,sjiranrl@xinhuanet.com,SQTKNv
Tally,Heggadon,12:42 PM,12:12 PM,417,theggadonrm@ameblo.jp,g7c8ejp4bx8
Dinnie,Mulvagh,2:36 PM,11:21 AM,112,dmulvaghrn@nsw.gov.au,PxHEVS
Melitta,Guichard,3:56 PM,9:55 AM,557,mguichardro@flavors.me,iNvLiZ
Virgina,Sheffield,3:54 PM,12:15 PM,261,vsheffieldrp@ask.com,4k76v3l
Hans,Segrave,12:29 PM,2:48 PM,42,hsegraverq@tamu.edu,gJ3k6FaBD3b2
Derek,Alpes,8:34 AM,2:40 PM,249,dalpesrr@netscape.com,gvB9Qdbe2
